{
 "parent": "item/handheld",
 "textures": {
  "layer0": "item/diamond_sword"
 },

 "overrides": [
  { "predicate": {"custom_model_data": 7773}, "model": "item/diamond_adorned"},
  { "predicate": {"custom_model_data": 7776}, "model": "item/diamond_reinforced"},
  { "predicate": {"custom_model_data": 77713}, "model": "item/diamond_creamy"},
  { "predicate": {"custom_model_data": 77730}, "model": "item/diamond_poisoned"},
  { "predicate": {"custom_model_data": 77732}, "model": "item/diamond_glowing"},
  { "predicate": {"custom_model_data": 77740}, "model": "item/diamond_withering"}

 ]

 
}