{
	"credit": "Made with Blockbench",
	"textures": {
		"particle": "item/exposed_copper_hatchet",
		"3_0": "item/exposed_copper_hatchet"
	},
	"elements": [
		{
			"from": [3, 2, 7.5],
			"to": [4, 3, 8.5],
			"faces": {
				"north": {"uv": [14, 12, 13, 13], "rotation": 270, "texture": "#3_0"},
				"east": {"uv": [14, 12, 13, 13], "rotation": 90, "texture": "#3_0"},
				"south": {"uv": [14, 12, 13, 13], "rotation": 90, "texture": "#3_0"},
				"west": {"uv": [14, 12, 13, 13], "rotation": 90, "texture": "#3_0"},
				"up": {"uv": [14, 12, 13, 13], "rotation": 90, "texture": "#3_0"},
				"down": {"uv": [14, 12, 13, 13], "rotation": 90, "texture": "#3_0"}
			}
		},
		{
			"from": [3, 3, 7.5],
			"to": [4, 4, 8.5],
			"faces": {
				"north": {"uv": [13, 12, 12, 13], "rotation": 270, "texture": "#3_0"},
				"east": {"uv": [13, 12, 12, 13], "rotation": 90, "texture": "#3_0"},
				"south": {"uv": [13, 12, 12, 13], "rotation": 90, "texture": "#3_0"},
				"west": {"uv": [13, 12, 12, 13], "rotation": 90, "texture": "#3_0"},
				"up": {"uv": [13, 12, 12, 13], "rotation": 90, "texture": "#3_0"},
				"down": {"uv": [13, 12, 12, 13], "rotation": 90, "texture": "#3_0"}
			}
		},
		{
			"from": [2, 1, 7.5],
			"to": [3, 2, 8.5],
			"faces": {
				"north": {"uv": [15, 13, 14, 14], "rotation": 270, "texture": "#3_0"},
				"east": {"uv": [15, 13, 14, 14], "rotation": 90, "texture": "#3_0"},
				"south": {"uv": [15, 13, 14, 14], "rotation": 90, "texture": "#3_0"},
				"west": {"uv": [15, 13, 14, 14], "rotation": 90, "texture": "#3_0"},
				"up": {"uv": [15, 13, 14, 14], "rotation": 90, "texture": "#3_0"},
				"down": {"uv": [15, 13, 14, 14], "rotation": 90, "texture": "#3_0"}
			}
		},
		{
			"from": [4, 3, 7.5],
			"to": [5, 4, 8.5],
			"faces": {
				"north": {"uv": [13, 11, 12, 12], "rotation": 270, "texture": "#3_0"},
				"east": {"uv": [13, 11, 12, 12], "rotation": 90, "texture": "#3_0"},
				"south": {"uv": [13, 11, 12, 12], "rotation": 90, "texture": "#3_0"},
				"west": {"uv": [13, 11, 12, 12], "rotation": 90, "texture": "#3_0"},
				"up": {"uv": [13, 11, 12, 12], "rotation": 90, "texture": "#3_0"},
				"down": {"uv": [13, 11, 12, 12], "rotation": 90, "texture": "#3_0"}
			}
		},
		{
			"from": [6, 4, 7.5],
			"to": [7, 5, 8.5],
			"faces": {
				"north": {"uv": [12, 9, 11, 10], "rotation": 270, "texture": "#3_0"},
				"east": {"uv": [12, 9, 11, 10], "rotation": 90, "texture": "#3_0"},
				"south": {"uv": [12, 9, 11, 10], "rotation": 90, "texture": "#3_0"},
				"west": {"uv": [12, 9, 11, 10], "rotation": 90, "texture": "#3_0"},
				"up": {"uv": [12, 9, 11, 10], "rotation": 90, "texture": "#3_0"},
				"down": {"uv": [12, 9, 11, 10], "rotation": 90, "texture": "#3_0"}
			}
		},
		{
			"from": [5, 4, 7.5],
			"to": [6, 5, 8.5],
			"faces": {
				"north": {"uv": [12, 10, 11, 11], "rotation": 270, "texture": "#3_0"},
				"east": {"uv": [12, 10, 11, 11], "rotation": 90, "texture": "#3_0"},
				"south": {"uv": [12, 10, 11, 11], "rotation": 90, "texture": "#3_0"},
				"west": {"uv": [12, 10, 11, 11], "rotation": 90, "texture": "#3_0"},
				"up": {"uv": [12, 10, 11, 11], "rotation": 90, "texture": "#3_0"},
				"down": {"uv": [12, 10, 11, 11], "rotation": 90, "texture": "#3_0"}
			}
		},
		{
			"from": [6, 5, 7.5],
			"to": [7, 6, 8.5],
			"faces": {
				"north": {"uv": [11, 9, 10, 10], "rotation": 270, "texture": "#3_0"},
				"east": {"uv": [11, 9, 10, 10], "rotation": 90, "texture": "#3_0"},
				"south": {"uv": [11, 9, 10, 10], "rotation": 90, "texture": "#3_0"},
				"west": {"uv": [11, 9, 10, 10], "rotation": 90, "texture": "#3_0"},
				"up": {"uv": [11, 9, 10, 10], "rotation": 90, "texture": "#3_0"},
				"down": {"uv": [11, 9, 10, 10], "rotation": 90, "texture": "#3_0"}
			}
		},
		{
			"from": [5, 5, 7.5],
			"to": [6, 6, 8.5],
			"faces": {
				"north": {"uv": [11, 10, 10, 11], "rotation": 270, "texture": "#3_0"},
				"east": {"uv": [11, 10, 10, 11], "rotation": 90, "texture": "#3_0"},
				"south": {"uv": [11, 10, 10, 11], "rotation": 90, "texture": "#3_0"},
				"west": {"uv": [11, 10, 10, 11], "rotation": 90, "texture": "#3_0"},
				"up": {"uv": [11, 10, 10, 11], "rotation": 90, "texture": "#3_0"},
				"down": {"uv": [11, 10, 10, 11], "rotation": 90, "texture": "#3_0"}
			}
		},
		{
			"from": [2, 2, 7.5],
			"to": [3, 3, 8.5],
			"faces": {
				"north": {"uv": [14, 13, 13, 14], "rotation": 270, "texture": "#3_0"},
				"east": {"uv": [14, 13, 13, 14], "rotation": 90, "texture": "#3_0"},
				"south": {"uv": [14, 13, 13, 14], "rotation": 90, "texture": "#3_0"},
				"west": {"uv": [14, 13, 13, 14], "rotation": 90, "texture": "#3_0"},
				"up": {"uv": [14, 13, 13, 14], "rotation": 90, "texture": "#3_0"},
				"down": {"uv": [14, 13, 13, 14], "rotation": 90, "texture": "#3_0"}
			}
		},
		{
			"from": [5, 3, 7.5],
			"to": [6, 4, 8.5],
			"faces": {
				"north": {"uv": [13, 10, 12, 11], "rotation": 90, "texture": "#3_0"},
				"east": {"uv": [13, 10, 12, 11], "rotation": 90, "texture": "#3_0"},
				"south": {"uv": [13, 10, 12, 11], "rotation": 90, "texture": "#3_0"},
				"west": {"uv": [13, 10, 12, 11], "rotation": 90, "texture": "#3_0"},
				"up": {"uv": [13, 10, 12, 11], "rotation": 90, "texture": "#3_0"},
				"down": {"uv": [13, 10, 12, 11], "rotation": 90, "texture": "#3_0"}
			}
		},
		{
			"from": [3, 1, 7.5],
			"to": [4, 2, 8.5],
			"faces": {
				"north": {"uv": [15, 12, 14, 13], "rotation": 90, "texture": "#3_0"},
				"east": {"uv": [15, 12, 14, 13], "rotation": 90, "texture": "#3_0"},
				"south": {"uv": [15, 12, 14, 13], "rotation": 90, "texture": "#3_0"},
				"west": {"uv": [15, 12, 14, 13], "rotation": 90, "texture": "#3_0"},
				"up": {"uv": [15, 12, 14, 13], "rotation": 90, "texture": "#3_0"},
				"down": {"uv": [15, 12, 14, 13], "rotation": 90, "texture": "#3_0"}
			}
		},
		{
			"from": [4, 2, 7.5],
			"to": [5, 3, 8.5],
			"faces": {
				"north": {"uv": [14, 11, 13, 12], "rotation": 90, "texture": "#3_0"},
				"east": {"uv": [14, 11, 13, 12], "rotation": 90, "texture": "#3_0"},
				"south": {"uv": [14, 11, 13, 12], "rotation": 90, "texture": "#3_0"},
				"west": {"uv": [14, 11, 13, 12], "rotation": 90, "texture": "#3_0"},
				"up": {"uv": [14, 11, 13, 12], "rotation": 90, "texture": "#3_0"},
				"down": {"uv": [14, 11, 13, 12], "rotation": 90, "texture": "#3_0"}
			}
		},
		{
			"from": [6, 6, 7.5],
			"to": [7, 7, 8.5],
			"faces": {
				"north": {"uv": [10, 9, 9, 10], "rotation": 270, "texture": "#3_0"},
				"east": {"uv": [10, 9, 9, 10], "rotation": 90, "texture": "#3_0"},
				"south": {"uv": [10, 9, 9, 10], "rotation": 90, "texture": "#3_0"},
				"west": {"uv": [10, 9, 9, 10], "rotation": 90, "texture": "#3_0"},
				"up": {"uv": [10, 9, 9, 10], "rotation": 90, "texture": "#3_0"},
				"down": {"uv": [10, 9, 9, 10], "rotation": 90, "texture": "#3_0"}
			}
		},
		{
			"from": [7, 5, 7.5],
			"to": [8, 6, 8.5],
			"faces": {
				"north": {"uv": [11, 8, 10, 9], "rotation": 270, "texture": "#3_0"},
				"east": {"uv": [11, 8, 10, 9], "rotation": 90, "texture": "#3_0"},
				"south": {"uv": [11, 8, 10, 9], "rotation": 90, "texture": "#3_0"},
				"west": {"uv": [11, 8, 10, 9], "rotation": 90, "texture": "#3_0"},
				"up": {"uv": [11, 8, 10, 9], "rotation": 90, "texture": "#3_0"},
				"down": {"uv": [11, 8, 10, 9], "rotation": 90, "texture": "#3_0"}
			}
		},
		{
			"from": [7, 6, 7.5],
			"to": [8, 7, 8.5],
			"faces": {
				"north": {"uv": [10, 8, 9, 9], "rotation": 270, "texture": "#3_0"},
				"east": {"uv": [10, 8, 9, 9], "rotation": 90, "texture": "#3_0"},
				"south": {"uv": [10, 8, 9, 9], "rotation": 90, "texture": "#3_0"},
				"west": {"uv": [10, 8, 9, 9], "rotation": 90, "texture": "#3_0"},
				"up": {"uv": [10, 8, 9, 9], "rotation": 90, "texture": "#3_0"},
				"down": {"uv": [10, 8, 9, 9], "rotation": 90, "texture": "#3_0"}
			}
		},
		{
			"from": [7, 7, 7.5],
			"to": [8, 8, 8.5],
			"faces": {
				"north": {"uv": [9, 8, 8, 9], "rotation": 270, "texture": "#3_0"},
				"east": {"uv": [9, 8, 8, 9], "rotation": 90, "texture": "#3_0"},
				"south": {"uv": [9, 8, 8, 9], "rotation": 90, "texture": "#3_0"},
				"west": {"uv": [9, 8, 8, 9], "rotation": 90, "texture": "#3_0"},
				"up": {"uv": [9, 8, 8, 9], "rotation": 90, "texture": "#3_0"},
				"down": {"uv": [9, 8, 8, 9], "rotation": 90, "texture": "#3_0"}
			}
		},
		{
			"from": [8, 8, 7.5],
			"to": [9, 9, 8.5],
			"faces": {
				"north": {"uv": [8, 7, 7, 8], "rotation": 270, "texture": "#3_0"},
				"east": {"uv": [8, 7, 7, 8], "rotation": 90, "texture": "#3_0"},
				"south": {"uv": [8, 7, 7, 8], "rotation": 90, "texture": "#3_0"},
				"west": {"uv": [8, 7, 7, 8], "rotation": 90, "texture": "#3_0"},
				"up": {"uv": [8, 7, 7, 8], "rotation": 90, "texture": "#3_0"},
				"down": {"uv": [8, 7, 7, 8], "rotation": 90, "texture": "#3_0"}
			}
		},
		{
			"from": [8, 7, 7.5],
			"to": [9, 8, 8.5],
			"faces": {
				"north": {"uv": [9, 7, 8, 8], "rotation": 270, "texture": "#3_0"},
				"east": {"uv": [9, 7, 8, 8], "rotation": 90, "texture": "#3_0"},
				"south": {"uv": [9, 7, 8, 8], "rotation": 90, "texture": "#3_0"},
				"west": {"uv": [9, 7, 8, 8], "rotation": 90, "texture": "#3_0"},
				"up": {"uv": [9, 7, 8, 8], "rotation": 90, "texture": "#3_0"},
				"down": {"uv": [9, 7, 8, 8], "rotation": 90, "texture": "#3_0"}
			}
		},
		{
			"from": [9, 10, 7.5],
			"to": [10, 11, 8.5],
			"faces": {
				"north": {"uv": [6, 6, 5, 7], "rotation": 270, "texture": "#3_0"},
				"east": {"uv": [6, 6, 5, 7], "rotation": 90, "texture": "#3_0"},
				"south": {"uv": [6, 6, 5, 7], "rotation": 90, "texture": "#3_0"},
				"west": {"uv": [6, 6, 5, 7], "rotation": 90, "texture": "#3_0"},
				"up": {"uv": [6, 6, 5, 7], "rotation": 90, "texture": "#3_0"},
				"down": {"uv": [6, 6, 5, 7], "rotation": 90, "texture": "#3_0"}
			}
		},
		{
			"from": [9, 9, 7.5],
			"to": [10, 10, 8.5],
			"faces": {
				"north": {"uv": [7, 6, 6, 7], "rotation": 270, "texture": "#3_0"},
				"east": {"uv": [7, 6, 6, 7], "rotation": 90, "texture": "#3_0"},
				"south": {"uv": [7, 6, 6, 7], "rotation": 90, "texture": "#3_0"},
				"west": {"uv": [7, 6, 6, 7], "rotation": 90, "texture": "#3_0"},
				"up": {"uv": [7, 6, 6, 7], "rotation": 90, "texture": "#3_0"},
				"down": {"uv": [7, 6, 6, 7], "rotation": 90, "texture": "#3_0"}
			}
		},
		{
			"from": [8, 10, 7.5],
			"to": [9, 11, 8.5],
			"faces": {
				"north": {"uv": [6, 7, 5, 8], "rotation": 270, "texture": "#3_0"},
				"east": {"uv": [6, 7, 5, 8], "rotation": 90, "texture": "#3_0"},
				"south": {"uv": [6, 7, 5, 8], "rotation": 90, "texture": "#3_0"},
				"west": {"uv": [6, 7, 5, 8], "rotation": 90, "texture": "#3_0"},
				"up": {"uv": [6, 7, 5, 8], "rotation": 90, "texture": "#3_0"},
				"down": {"uv": [6, 7, 5, 8], "rotation": 90, "texture": "#3_0"}
			}
		},
		{
			"from": [8, 11, 7.5],
			"to": [9, 12, 8.5],
			"faces": {
				"north": {"uv": [5, 7, 4, 8], "rotation": 90, "texture": "#3_0"},
				"east": {"uv": [5, 7, 4, 8], "rotation": 90, "texture": "#3_0"},
				"south": {"uv": [5, 7, 4, 8], "rotation": 90, "texture": "#3_0"},
				"west": {"uv": [5, 7, 4, 8], "rotation": 90, "texture": "#3_0"},
				"up": {"uv": [5, 7, 4, 8], "rotation": 90, "texture": "#3_0"},
				"down": {"uv": [5, 7, 4, 8], "rotation": 90, "texture": "#3_0"}
			}
		},
		{
			"from": [7, 11, 7.5],
			"to": [8, 12, 8.5],
			"faces": {
				"north": {"uv": [5, 8, 4, 9], "rotation": 90, "texture": "#3_0"},
				"east": {"uv": [5, 8, 4, 9], "rotation": 90, "texture": "#3_0"},
				"south": {"uv": [5, 8, 4, 9], "rotation": 90, "texture": "#3_0"},
				"west": {"uv": [5, 8, 4, 9], "rotation": 90, "texture": "#3_0"},
				"up": {"uv": [5, 8, 4, 9], "rotation": 90, "texture": "#3_0"},
				"down": {"uv": [5, 8, 4, 9], "rotation": 90, "texture": "#3_0"}
			}
		},
		{
			"from": [7, 12, 7.5],
			"to": [8, 13, 8.5],
			"faces": {
				"north": {"uv": [4, 8, 3, 9], "rotation": 90, "texture": "#3_0"},
				"east": {"uv": [4, 8, 3, 9], "rotation": 90, "texture": "#3_0"},
				"south": {"uv": [4, 8, 3, 9], "rotation": 90, "texture": "#3_0"},
				"west": {"uv": [4, 8, 3, 9], "rotation": 90, "texture": "#3_0"},
				"up": {"uv": [4, 8, 3, 9], "rotation": 90, "texture": "#3_0"},
				"down": {"uv": [4, 8, 3, 9], "rotation": 90, "texture": "#3_0"}
			}
		},
		{
			"from": [7, 13, 7.5],
			"to": [8, 14, 8.5],
			"faces": {
				"north": {"uv": [3, 8, 2, 9], "rotation": 90, "texture": "#3_0"},
				"east": {"uv": [3, 8, 2, 9], "rotation": 90, "texture": "#3_0"},
				"south": {"uv": [3, 8, 2, 9], "rotation": 90, "texture": "#3_0"},
				"west": {"uv": [3, 8, 2, 9], "rotation": 90, "texture": "#3_0"},
				"up": {"uv": [3, 8, 2, 9], "rotation": 90, "texture": "#3_0"},
				"down": {"uv": [3, 8, 2, 9], "rotation": 90, "texture": "#3_0"}
			}
		},
		{
			"from": [6, 11, 7.5],
			"to": [7, 12, 8.5],
			"faces": {
				"north": {"uv": [5, 9, 4, 10], "rotation": 90, "texture": "#3_0"},
				"east": {"uv": [5, 9, 4, 10], "rotation": 90, "texture": "#3_0"},
				"south": {"uv": [5, 9, 4, 10], "rotation": 90, "texture": "#3_0"},
				"west": {"uv": [5, 9, 4, 10], "rotation": 90, "texture": "#3_0"},
				"up": {"uv": [5, 9, 4, 10], "rotation": 90, "texture": "#3_0"},
				"down": {"uv": [5, 9, 4, 10], "rotation": 90, "texture": "#3_0"}
			}
		},
		{
			"from": [6, 12, 7.5],
			"to": [7, 13, 8.5],
			"faces": {
				"north": {"uv": [4, 9, 3, 10], "rotation": 90, "texture": "#3_0"},
				"east": {"uv": [4, 9, 3, 10], "rotation": 90, "texture": "#3_0"},
				"south": {"uv": [4, 9, 3, 10], "rotation": 90, "texture": "#3_0"},
				"west": {"uv": [4, 9, 3, 10], "rotation": 90, "texture": "#3_0"},
				"up": {"uv": [4, 9, 3, 10], "rotation": 90, "texture": "#3_0"},
				"down": {"uv": [4, 9, 3, 10], "rotation": 90, "texture": "#3_0"}
			}
		},
		{
			"from": [8, 12, 7.5],
			"to": [9, 13, 8.5],
			"faces": {
				"north": {"uv": [4, 7, 3, 8], "rotation": 90, "texture": "#3_0"},
				"east": {"uv": [4, 7, 3, 8], "rotation": 90, "texture": "#3_0"},
				"south": {"uv": [4, 7, 3, 8], "rotation": 90, "texture": "#3_0"},
				"west": {"uv": [4, 7, 3, 8], "rotation": 90, "texture": "#3_0"},
				"up": {"uv": [4, 7, 3, 8], "rotation": 90, "texture": "#3_0"},
				"down": {"uv": [4, 7, 3, 8], "rotation": 90, "texture": "#3_0"}
			}
		},
		{
			"from": [8, 13, 7.5],
			"to": [9, 14, 8.5],
			"faces": {
				"north": {"uv": [3, 7, 2, 8], "rotation": 90, "texture": "#3_0"},
				"east": {"uv": [3, 7, 2, 8], "rotation": 90, "texture": "#3_0"},
				"south": {"uv": [3, 7, 2, 8], "rotation": 90, "texture": "#3_0"},
				"west": {"uv": [3, 7, 2, 8], "rotation": 90, "texture": "#3_0"},
				"up": {"uv": [3, 7, 2, 8], "rotation": 90, "texture": "#3_0"},
				"down": {"uv": [3, 7, 2, 8], "rotation": 90, "texture": "#3_0"}
			}
		},
		{
			"from": [8, 14, 7.5],
			"to": [9, 15, 8.5],
			"faces": {
				"north": {"uv": [2, 7, 1, 8], "rotation": 90, "texture": "#3_0"},
				"east": {"uv": [2, 7, 1, 8], "rotation": 90, "texture": "#3_0"},
				"south": {"uv": [2, 7, 1, 8], "rotation": 90, "texture": "#3_0"},
				"west": {"uv": [2, 7, 1, 8], "rotation": 90, "texture": "#3_0"},
				"up": {"uv": [2, 7, 1, 8], "rotation": 90, "texture": "#3_0"},
				"down": {"uv": [2, 7, 1, 8], "rotation": 90, "texture": "#3_0"}
			}
		},
		{
			"from": [10, 9, 7.5],
			"to": [11, 10, 8.5],
			"faces": {
				"north": {"uv": [7, 5, 6, 6], "rotation": 270, "texture": "#3_0"},
				"east": {"uv": [7, 5, 6, 6], "rotation": 90, "texture": "#3_0"},
				"south": {"uv": [7, 5, 6, 6], "rotation": 90, "texture": "#3_0"},
				"west": {"uv": [7, 5, 6, 6], "rotation": 90, "texture": "#3_0"},
				"up": {"uv": [7, 5, 6, 6], "rotation": 90, "texture": "#3_0"},
				"down": {"uv": [7, 5, 6, 6], "rotation": 90, "texture": "#3_0"}
			}
		},
		{
			"from": [9, 8, 7.5],
			"to": [10, 9, 8.5],
			"faces": {
				"north": {"uv": [8, 6, 7, 7], "rotation": 270, "texture": "#3_0"},
				"east": {"uv": [8, 6, 7, 7], "rotation": 90, "texture": "#3_0"},
				"south": {"uv": [8, 6, 7, 7], "rotation": 90, "texture": "#3_0"},
				"west": {"uv": [8, 6, 7, 7], "rotation": 90, "texture": "#3_0"},
				"up": {"uv": [8, 6, 7, 7], "rotation": 90, "texture": "#3_0"},
				"down": {"uv": [8, 6, 7, 7], "rotation": 90, "texture": "#3_0"}
			}
		},
		{
			"from": [9, 7, 7.5],
			"to": [10, 8, 8.5],
			"faces": {
				"north": {"uv": [9, 6, 8, 7], "rotation": 270, "texture": "#3_0"},
				"east": {"uv": [9, 6, 8, 7], "rotation": 90, "texture": "#3_0"},
				"south": {"uv": [9, 6, 8, 7], "rotation": 90, "texture": "#3_0"},
				"west": {"uv": [9, 6, 8, 7], "rotation": 90, "texture": "#3_0"},
				"up": {"uv": [9, 6, 8, 7], "rotation": 90, "texture": "#3_0"},
				"down": {"uv": [9, 6, 8, 7], "rotation": 90, "texture": "#3_0"}
			}
		},
		{
			"from": [10, 8, 7.5],
			"to": [11, 9, 8.5],
			"faces": {
				"north": {"uv": [8, 5, 7, 6], "rotation": 270, "texture": "#3_0"},
				"east": {"uv": [8, 5, 7, 6], "rotation": 90, "texture": "#3_0"},
				"south": {"uv": [8, 5, 7, 6], "rotation": 90, "texture": "#3_0"},
				"west": {"uv": [8, 5, 7, 6], "rotation": 90, "texture": "#3_0"},
				"up": {"uv": [8, 5, 7, 6], "rotation": 90, "texture": "#3_0"},
				"down": {"uv": [8, 5, 7, 6], "rotation": 90, "texture": "#3_0"}
			}
		},
		{
			"from": [8, 6, 7.5],
			"to": [9, 7, 8.5],
			"faces": {
				"north": {"uv": [10, 7, 9, 8], "rotation": 270, "texture": "#3_0"},
				"east": {"uv": [10, 7, 9, 8], "rotation": 90, "texture": "#3_0"},
				"south": {"uv": [10, 7, 9, 8], "rotation": 90, "texture": "#3_0"},
				"west": {"uv": [10, 7, 9, 8], "rotation": 90, "texture": "#3_0"},
				"up": {"uv": [10, 7, 9, 8], "rotation": 90, "texture": "#3_0"},
				"down": {"uv": [10, 7, 9, 8], "rotation": 90, "texture": "#3_0"}
			}
		},
		{
			"from": [11, 10, 7.5],
			"to": [12, 11, 8.5],
			"faces": {
				"north": {"uv": [6, 4, 5, 5], "rotation": 270, "texture": "#3_0"},
				"east": {"uv": [6, 4, 5, 5], "rotation": 90, "texture": "#3_0"},
				"south": {"uv": [6, 4, 5, 5], "rotation": 90, "texture": "#3_0"},
				"west": {"uv": [6, 4, 5, 5], "rotation": 90, "texture": "#3_0"},
				"up": {"uv": [6, 4, 5, 5], "rotation": 90, "texture": "#3_0"},
				"down": {"uv": [6, 4, 5, 5], "rotation": 90, "texture": "#3_0"}
			}
		},
		{
			"from": [9, 11, 7.5],
			"to": [10, 12, 8.5],
			"faces": {
				"north": {"uv": [5, 6, 4, 7], "rotation": 270, "texture": "#3_0"},
				"east": {"uv": [5, 6, 4, 7], "rotation": 90, "texture": "#3_0"},
				"south": {"uv": [5, 6, 4, 7], "rotation": 90, "texture": "#3_0"},
				"west": {"uv": [5, 6, 4, 7], "rotation": 90, "texture": "#3_0"},
				"up": {"uv": [5, 6, 4, 7], "rotation": 90, "texture": "#3_0"},
				"down": {"uv": [5, 6, 4, 7], "rotation": 90, "texture": "#3_0"}
			}
		},
		{
			"from": [9, 12, 7.5],
			"to": [10, 13, 8.5],
			"faces": {
				"north": {"uv": [4, 6, 3, 7], "rotation": 90, "texture": "#3_0"},
				"east": {"uv": [4, 6, 3, 7], "rotation": 90, "texture": "#3_0"},
				"south": {"uv": [4, 6, 3, 7], "rotation": 90, "texture": "#3_0"},
				"west": {"uv": [4, 6, 3, 7], "rotation": 90, "texture": "#3_0"},
				"up": {"uv": [4, 6, 3, 7], "rotation": 90, "texture": "#3_0"},
				"down": {"uv": [4, 6, 3, 7], "rotation": 90, "texture": "#3_0"}
			}
		},
		{
			"from": [9, 13, 7.5],
			"to": [10, 14, 8.5],
			"faces": {
				"north": {"uv": [3, 6, 2, 7], "rotation": 90, "texture": "#3_0"},
				"east": {"uv": [3, 6, 2, 7], "rotation": 90, "texture": "#3_0"},
				"south": {"uv": [3, 6, 2, 7], "rotation": 90, "texture": "#3_0"},
				"west": {"uv": [3, 6, 2, 7], "rotation": 90, "texture": "#3_0"},
				"up": {"uv": [3, 6, 2, 7], "rotation": 90, "texture": "#3_0"},
				"down": {"uv": [3, 6, 2, 7], "rotation": 90, "texture": "#3_0"}
			}
		},
		{
			"from": [10, 11, 7.5],
			"to": [11, 12, 8.5],
			"faces": {
				"north": {"uv": [5, 5, 4, 6], "rotation": 270, "texture": "#3_0"},
				"east": {"uv": [5, 5, 4, 6], "rotation": 90, "texture": "#3_0"},
				"south": {"uv": [5, 5, 4, 6], "rotation": 90, "texture": "#3_0"},
				"west": {"uv": [5, 5, 4, 6], "rotation": 90, "texture": "#3_0"},
				"up": {"uv": [5, 5, 4, 6], "rotation": 90, "texture": "#3_0"},
				"down": {"uv": [5, 5, 4, 6], "rotation": 90, "texture": "#3_0"}
			}
		},
		{
			"from": [12, 10, 7.5],
			"to": [13, 11, 8.5],
			"faces": {
				"north": {"uv": [6, 3, 5, 4], "rotation": 270, "texture": "#3_0"},
				"east": {"uv": [6, 3, 5, 4], "rotation": 90, "texture": "#3_0"},
				"south": {"uv": [6, 3, 5, 4], "rotation": 90, "texture": "#3_0"},
				"west": {"uv": [6, 3, 5, 4], "rotation": 90, "texture": "#3_0"},
				"up": {"uv": [6, 3, 5, 4], "rotation": 90, "texture": "#3_0"},
				"down": {"uv": [6, 3, 5, 4], "rotation": 90, "texture": "#3_0"}
			}
		},
		{
			"from": [10, 12, 7.5],
			"to": [11, 13, 8.5],
			"faces": {
				"north": {"uv": [4, 5, 3, 6], "rotation": 270, "texture": "#3_0"},
				"east": {"uv": [4, 5, 3, 6], "rotation": 90, "texture": "#3_0"},
				"south": {"uv": [4, 5, 3, 6], "rotation": 90, "texture": "#3_0"},
				"west": {"uv": [4, 5, 3, 6], "rotation": 90, "texture": "#3_0"},
				"up": {"uv": [4, 5, 3, 6], "rotation": 90, "texture": "#3_0"},
				"down": {"uv": [4, 5, 3, 6], "rotation": 90, "texture": "#3_0"}
			}
		},
		{
			"from": [10, 10, 7.5],
			"to": [11, 11, 8.5],
			"faces": {
				"north": {"uv": [6, 5, 5, 6], "rotation": 270, "texture": "#3_0"},
				"east": {"uv": [6, 5, 5, 6], "rotation": 90, "texture": "#3_0"},
				"south": {"uv": [6, 5, 5, 6], "rotation": 90, "texture": "#3_0"},
				"west": {"uv": [6, 5, 5, 6], "rotation": 90, "texture": "#3_0"},
				"up": {"uv": [6, 5, 5, 6], "rotation": 90, "texture": "#3_0"},
				"down": {"uv": [6, 5, 5, 6], "rotation": 90, "texture": "#3_0"}
			}
		},
		{
			"from": [11, 9, 7.5],
			"to": [12, 10, 8.5],
			"faces": {
				"north": {"uv": [7, 4, 6, 5], "rotation": 270, "texture": "#3_0"},
				"east": {"uv": [7, 4, 6, 5], "rotation": 90, "texture": "#3_0"},
				"south": {"uv": [7, 4, 6, 5], "rotation": 90, "texture": "#3_0"},
				"west": {"uv": [7, 4, 6, 5], "rotation": 90, "texture": "#3_0"},
				"up": {"uv": [7, 4, 6, 5], "rotation": 90, "texture": "#3_0"},
				"down": {"uv": [7, 4, 6, 5], "rotation": 90, "texture": "#3_0"}
			}
		},
		{
			"from": [11, 8, 7.5],
			"to": [12, 9, 8.5],
			"faces": {
				"north": {"uv": [8, 4, 7, 5], "rotation": 90, "texture": "#3_0"},
				"east": {"uv": [8, 4, 7, 5], "rotation": 90, "texture": "#3_0"},
				"south": {"uv": [8, 4, 7, 5], "rotation": 90, "texture": "#3_0"},
				"west": {"uv": [8, 4, 7, 5], "rotation": 90, "texture": "#3_0"},
				"up": {"uv": [8, 4, 7, 5], "rotation": 90, "texture": "#3_0"},
				"down": {"uv": [8, 4, 7, 5], "rotation": 90, "texture": "#3_0"}
			}
		},
		{
			"from": [12, 9, 7.5],
			"to": [13, 10, 8.5],
			"faces": {
				"north": {"uv": [7, 3, 6, 4], "rotation": 90, "texture": "#3_0"},
				"east": {"uv": [7, 3, 6, 4], "rotation": 90, "texture": "#3_0"},
				"south": {"uv": [7, 3, 6, 4], "rotation": 90, "texture": "#3_0"},
				"west": {"uv": [7, 3, 6, 4], "rotation": 90, "texture": "#3_0"},
				"up": {"uv": [7, 3, 6, 4], "rotation": 90, "texture": "#3_0"},
				"down": {"uv": [7, 3, 6, 4], "rotation": 90, "texture": "#3_0"}
			}
		},
		{
			"from": [11, 11, 7.5],
			"to": [12, 12, 8.5],
			"faces": {
				"north": {"uv": [5, 4, 4, 5], "rotation": 270, "texture": "#3_0"},
				"east": {"uv": [5, 4, 4, 5], "rotation": 90, "texture": "#3_0"},
				"south": {"uv": [5, 4, 4, 5], "rotation": 90, "texture": "#3_0"},
				"west": {"uv": [5, 4, 4, 5], "rotation": 90, "texture": "#3_0"},
				"up": {"uv": [5, 4, 4, 5], "rotation": 90, "texture": "#3_0"},
				"down": {"uv": [5, 4, 4, 5], "rotation": 90, "texture": "#3_0"}
			}
		},
		{
			"from": [12, 11, 7.5],
			"to": [13, 12, 8.5],
			"faces": {
				"north": {"uv": [5, 3, 4, 4], "rotation": 270, "texture": "#3_0"},
				"east": {"uv": [5, 3, 4, 4], "rotation": 90, "texture": "#3_0"},
				"south": {"uv": [5, 3, 4, 4], "rotation": 90, "texture": "#3_0"},
				"west": {"uv": [5, 3, 4, 4], "rotation": 90, "texture": "#3_0"},
				"up": {"uv": [5, 3, 4, 4], "rotation": 90, "texture": "#3_0"},
				"down": {"uv": [5, 3, 4, 4], "rotation": 90, "texture": "#3_0"}
			}
		},
		{
			"from": [4, 4, 7.5],
			"to": [5, 5, 8.5],
			"faces": {
				"north": {"uv": [12, 11, 11, 12], "rotation": 270, "texture": "#3_0"},
				"east": {"uv": [12, 11, 11, 12], "rotation": 90, "texture": "#3_0"},
				"south": {"uv": [12, 11, 11, 12], "rotation": 90, "texture": "#3_0"},
				"west": {"uv": [12, 11, 11, 12], "rotation": 90, "texture": "#3_0"},
				"up": {"uv": [12, 11, 11, 12], "rotation": 90, "texture": "#3_0"},
				"down": {"uv": [12, 11, 11, 12], "rotation": 90, "texture": "#3_0"}
			}
		}
	],
	"gui_light": "front",
	"display": {
		"thirdperson_righthand": {
			"rotation": [0, -90, 55],
			"translation": [0, 4, 0.5],
			"scale": [0.85, 0.85, 0.85]
		},
		"thirdperson_lefthand": {
			"rotation": [0, 90, -55],
			"translation": [0, 4, 0.5],
			"scale": [0.85, 0.85, 0.85]
		},
		"firstperson_righthand": {
			"rotation": [0, -90, 25],
			"translation": [1.13, 3.2, 1.13],
			"scale": [0.68, 0.68, 0.68]
		},
		"firstperson_lefthand": {
			"rotation": [0, 90, -25],
			"translation": [1.13, 3.2, 1.13],
			"scale": [0.68, 0.68, 0.68]
		},
		"ground": {
			"translation": [0, 2, 0],
			"scale": [0.5, 0.5, 0.5]
		},
		"fixed": {
			"rotation": [0, -180, 0]
		}
	},
	"groups": [
		{
			"name": "copper_hatchet",
			"origin": [8, 8, 8],
			"color": 0,
			"children": [
				{
					"name": "copper_shortsword",
					"origin": [8, 8, 8],
					"color": 0,
					"children": [
						{
							"name": "diamond_adorned",
							"origin": [8, 8, 8],
							"color": 0,
							"children": [
								{
									"name": "netherite_adorned",
									"origin": [8, 8, 8],
									"color": 0,
									"children": [
										{
											"name": "diamond_breath",
											"origin": [8, 8, 8],
											"color": 0,
											"children": [
												{
													"name": "group",
													"origin": [8, 8, 8],
													"color": 0,
													"children": [0, 1, 2, 3, 4, 5, 6, 7, 8, 9, 10, 11, 12, 13, 14, 15, 16, 17, 18, 19, 20, 21, 22, 23, 24, 25, 26, 27, 28, 29, 30, 31, 32, 33, 34, 35, 36, 37, 38, 39, 40, 41, 42, 43, 44, 45, 46, 47, 48]
												}
											]
										}
									]
								}
							]
						}
					]
				}
			]
		}
	]
}