{
	"credit": "Made with Blockbench",
	"textures": {
		"6": "item/lance"
	},
	"elements": [
		{
			"from": [-3, 1, 5],
			"to": [0, 5, 9],
			"faces": {
				"north": {"uv": [10, 0, 13, 4], "texture": "#6"},
				"east": {"uv": [10, 4, 14, 8], "texture": "#6"},
				"south": {"uv": [10, 0, 13, 4], "rotation": 180, "texture": "#6"},
				"west": {"uv": [10, 4, 14, 8], "texture": "#6"},
				"up": {"uv": [10, 0, 13, 4], "rotation": 180, "texture": "#6"},
				"down": {"uv": [10, 0, 13, 4], "rotation": 180, "texture": "#6"}
			}
		},
		{
			"from": [-16, 2, 6],
			"to": [-4, 4, 8],
			"faces": {
				"north": {"uv": [0, 0, 2, 12], "rotation": 270, "texture": "#6"},
				"east": {"uv": [0, 0, 2, 2], "rotation": 270, "texture": "#6"},
				"south": {"uv": [0, 0, 2, 12], "rotation": 90, "texture": "#6"},
				"west": {"uv": [0, 10, 2, 12], "rotation": 270, "texture": "#6"},
				"up": {"uv": [0, 0, 2, 12], "rotation": 90, "texture": "#6"},
				"down": {"uv": [0, 0, 2, 12], "rotation": 90, "texture": "#6"}
			}
		},
		{
			"from": [0, 1.5, 5.5],
			"to": [7, 4.5, 8.5],
			"faces": {
				"north": {"uv": [2, 8, 9, 11], "texture": "#6"},
				"east": {"uv": [4, 8, 7, 11], "texture": "#6"},
				"south": {"uv": [2, 8, 9, 11], "texture": "#6"},
				"west": {"uv": [4, 8, 7, 11], "texture": "#6"},
				"up": {"uv": [2, 8, 9, 11], "texture": "#6"},
				"down": {"uv": [2, 8, 9, 11], "texture": "#6"}
			}
		},
		{
			"from": [7, 1.5, 5.5],
			"to": [14, 4.5, 8.5],
			"faces": {
				"north": {"uv": [2, 8, 9, 11], "texture": "#6"},
				"east": {"uv": [4, 8, 7, 11], "texture": "#6"},
				"south": {"uv": [2, 8, 9, 11], "texture": "#6"},
				"west": {"uv": [4, 8, 7, 11], "texture": "#6"},
				"up": {"uv": [2, 8, 9, 11], "texture": "#6"},
				"down": {"uv": [2, 8, 9, 11], "texture": "#6"}
			}
		},
		{
			"from": [-4, -1, 3],
			"to": [-3, 7, 11],
			"faces": {
				"north": {"uv": [2, 0, 3, 8], "rotation": 180, "texture": "#6"},
				"east": {"uv": [2, 0, 10, 8], "rotation": 180, "texture": "#6"},
				"south": {"uv": [2, 0, 3, 8], "rotation": 180, "texture": "#6"},
				"west": {"uv": [2, 0, 10, 8], "rotation": 180, "texture": "#6"},
				"up": {"uv": [2, 0, 3, 8], "rotation": 180, "texture": "#6"},
				"down": {"uv": [2, 0, 3, 8], "rotation": 180, "texture": "#6"}
			}
		},
		{
			"from": [14.00002, 2, 6],
			"to": [21.00002, 4, 8],
			"faces": {
				"north": {"uv": [2, 8, 9, 10], "texture": "#6"},
				"east": {"uv": [2, 8, 4, 10], "texture": "#6"},
				"south": {"uv": [2, 8, 9, 10], "texture": "#6"},
				"west": {"uv": [2, 8, 4, 10], "texture": "#6"},
				"up": {"uv": [2, 8, 9, 10], "texture": "#6"},
				"down": {"uv": [2, 8, 9, 10], "texture": "#6"}
			}
		},
		{
			"from": [21.00002, 2, 6],
			"to": [28.00002, 4, 8],
			"faces": {
				"north": {"uv": [2, 8, 9, 10], "texture": "#6"},
				"east": {"uv": [2, 8, 4, 10], "texture": "#6"},
				"south": {"uv": [2, 8, 9, 10], "texture": "#6"},
				"west": {"uv": [2, 8, 4, 10], "texture": "#6"},
				"up": {"uv": [2, 8, 9, 10], "texture": "#6"},
				"down": {"uv": [2, 8, 9, 10], "texture": "#6"}
			}
		},
		{
			"from": [28, 2, 6],
			"to": [30, 4, 8],
			"faces": {
				"north": {"uv": [0, 10, 2, 12], "texture": "#6"},
				"east": {"uv": [0, 10, 2, 12], "texture": "#6"},
				"south": {"uv": [0, 10, 2, 12], "texture": "#6"},
				"west": {"uv": [0, 10, 2, 12], "texture": "#6"},
				"up": {"uv": [0, 10, 2, 12], "texture": "#6"},
				"down": {"uv": [0, 10, 2, 12], "texture": "#6"}
			}
		},
		{
			"from": [30, 2.5, 6.5],
			"to": [31, 3.5, 7.5],
			"faces": {
				"north": {"uv": [1, 11, 2, 12], "texture": "#6"},
				"east": {"uv": [1, 11, 2, 12], "texture": "#6"},
				"south": {"uv": [1, 11, 2, 12], "texture": "#6"},
				"west": {"uv": [1, 11, 2, 12], "texture": "#6"},
				"up": {"uv": [1, 11, 2, 12], "texture": "#6"},
				"down": {"uv": [1, 11, 2, 12], "texture": "#6"}
			}
		}
	],
	"gui_light": "front",
	"display": {
		"thirdperson_righthand": {
			"rotation": [10, 90, 55],
			"translation": [1, 13.25, -0.5]
		},
		"thirdperson_lefthand": {
			"rotation": [10, -90, -55],
			"translation": [-1, 13.25, -0.5]
		},
		"firstperson_righthand": {
			"rotation": [-5, 90, 25],
			"translation": [1.75, 1.6, -16]
		},
		"firstperson_lefthand": {
			"rotation": [-5, -90, -25],
			"translation": [1.75, 1.6, -16]
		},
		"ground": {
			"translation": [0, 3, 0],
			"scale": [0.5, 0.5, 0.5]
		},
		"gui": {
			"rotation": [45, -180, 45],
			"translation": [1.5, 2, 0],
			"scale": [0.5, 0.5, 0.5]
		},
		"head": {
			"translation": [0, 4.5, 1]
		},
		"fixed": {
			"rotation": [0, 0, 45],
			"translation": [-1.5, 2, 0],
			"scale": [0.5, 0.5, 0.5]
		}
	},
	"groups": [
		{
			"name": "group",
			"origin": [8, 8, 8],
			"color": 0,
			"children": [0, 1, 2, 3, 4, 5, 6, 7, 8]
		}
	]
}