{
	"credit": "Made with Blockbench",
	"textures": {
		"particle": "item/mace"
	},
	"elements": [
		{
			"from": [7, 0.00002, 7],
			"to": [9, 16.00002, 9],
			"faces": {
				"north": {"uv": [0, 0, 2, 16], "texture": "#particle"},
				"east": {"uv": [0, 0, 2, 16], "texture": "#particle"},
				"south": {"uv": [0, 0, 2, 16], "texture": "#particle"},
				"west": {"uv": [0, 0, 2, 16], "texture": "#particle"},
				"up": {"uv": [0, 0, 2, 2], "texture": "#particle"},
				"down": {"uv": [0, 0, 2, 2], "texture": "#particle"}
			}
		},
		{
			"from": [6, 11, 6],
			"to": [10, 15, 10],
			"faces": {
				"north": {"uv": [2, 0, 6, 4], "texture": "#particle"},
				"east": {"uv": [2, 0, 6, 4], "texture": "#particle"},
				"south": {"uv": [2, 0, 6, 4], "texture": "#particle"},
				"west": {"uv": [2, 0, 6, 4], "texture": "#particle"},
				"up": {"uv": [2, 0, 6, 4], "texture": "#particle"},
				"down": {"uv": [2, 0, 6, 4], "texture": "#particle"}
			}
		},
		{
			"from": [4, 11, 7.99],
			"to": [6, 15, 7.99],
			"faces": {
				"north": {"uv": [2, 6, 6, 8], "rotation": 90, "texture": "#particle"},
				"east": {"uv": [2, 4, 6, 6], "rotation": 90, "texture": "#particle"},
				"west": {"uv": [2, 4, 6, 6], "rotation": 90, "texture": "#particle"},
				"up": {"uv": [2, 4, 6, 6], "rotation": 90, "texture": "#particle"},
				"down": {"uv": [2, 4, 6, 6], "rotation": 90, "texture": "#particle"}
			}
		},
		{
			"from": [4, 11, 8.01],
			"to": [6, 15, 8.01],
			"faces": {
				"east": {"uv": [2, 4, 6, 6], "rotation": 90, "texture": "#particle"},
				"south": {"uv": [2, 4, 6, 6], "rotation": 270, "texture": "#particle"},
				"west": {"uv": [2, 4, 6, 6], "rotation": 90, "texture": "#particle"},
				"up": {"uv": [2, 4, 6, 6], "rotation": 90, "texture": "#particle"},
				"down": {"uv": [2, 4, 6, 6], "rotation": 90, "texture": "#particle"}
			}
		},
		{
			"from": [8.01, 11, 10],
			"to": [8.01, 15, 12],
			"faces": {
				"north": {"uv": [2, 4, 6, 6], "rotation": 90, "texture": "#particle"},
				"east": {"uv": [2, 4, 6, 6], "rotation": 270, "texture": "#particle"},
				"south": {"uv": [2, 4, 6, 6], "rotation": 90, "texture": "#particle"},
				"up": {"uv": [2, 4, 6, 6], "rotation": 90, "texture": "#particle"},
				"down": {"uv": [2, 4, 6, 6], "rotation": 90, "texture": "#particle"}
			}
		},
		{
			"from": [7.99, 11, 10],
			"to": [7.99, 15, 12],
			"faces": {
				"north": {"uv": [2, 4, 6, 6], "rotation": 90, "texture": "#particle"},
				"south": {"uv": [2, 4, 6, 6], "rotation": 90, "texture": "#particle"},
				"west": {"uv": [2, 6, 6, 8], "rotation": 90, "texture": "#particle"},
				"up": {"uv": [2, 4, 6, 6], "rotation": 90, "texture": "#particle"},
				"down": {"uv": [2, 4, 6, 6], "rotation": 90, "texture": "#particle"}
			}
		},
		{
			"from": [8.01, 11, 4],
			"to": [8.01, 15, 6],
			"faces": {
				"north": {"uv": [2, 4, 6, 6], "rotation": 90, "texture": "#particle"},
				"east": {"uv": [2, 6, 6, 8], "rotation": 90, "texture": "#particle"},
				"south": {"uv": [2, 4, 6, 6], "rotation": 90, "texture": "#particle"},
				"up": {"uv": [2, 4, 6, 6], "rotation": 90, "texture": "#particle"},
				"down": {"uv": [2, 4, 6, 6], "rotation": 90, "texture": "#particle"}
			}
		},
		{
			"from": [7.99, 11, 4],
			"to": [7.99, 15, 6],
			"faces": {
				"north": {"uv": [2, 4, 6, 6], "rotation": 90, "texture": "#particle"},
				"south": {"uv": [2, 4, 6, 6], "rotation": 90, "texture": "#particle"},
				"west": {"uv": [2, 4, 6, 6], "rotation": 270, "texture": "#particle"},
				"up": {"uv": [2, 4, 6, 6], "rotation": 90, "texture": "#particle"},
				"down": {"uv": [2, 4, 6, 6], "rotation": 90, "texture": "#particle"}
			}
		},
		{
			"from": [10, 11, 8.01],
			"to": [12, 15, 8.01],
			"faces": {
				"east": {"uv": [2, 4, 6, 6], "rotation": 90, "texture": "#particle"},
				"south": {"uv": [2, 6, 6, 8], "rotation": 90, "texture": "#particle"},
				"west": {"uv": [2, 4, 6, 6], "rotation": 90, "texture": "#particle"},
				"up": {"uv": [2, 4, 6, 6], "rotation": 90, "texture": "#particle"},
				"down": {"uv": [2, 4, 6, 6], "rotation": 90, "texture": "#particle"}
			}
		},
		{
			"from": [10, 11, 7.99],
			"to": [12, 15, 7.99],
			"faces": {
				"north": {"uv": [2, 4, 6, 6], "rotation": 270, "texture": "#particle"},
				"east": {"uv": [2, 4, 6, 6], "rotation": 90, "texture": "#particle"},
				"west": {"uv": [2, 4, 6, 6], "rotation": 90, "texture": "#particle"},
				"up": {"uv": [2, 4, 6, 6], "rotation": 90, "texture": "#particle"},
				"down": {"uv": [2, 4, 6, 6], "rotation": 90, "texture": "#particle"}
			}
		}
	],
	"gui_light": "front",
	"display": {
		"thirdperson_righthand": {
			"rotation": [55, -90, 55],
			"translation": [0, 3, 1.5]
		},
		"thirdperson_lefthand": {
			"rotation": [55, 90, -55],
			"translation": [0, 3, 1.5]
		},
		"firstperson_righthand": {
			"rotation": [0, -90, 25],
			"translation": [1.13, 3.2, 1.13],
			"scale": [0.68, 0.68, 0.68]
		},
		"firstperson_lefthand": {
			"rotation": [0, 90, -25],
			"translation": [1.13, 3.2, 1.13],
			"scale": [0.68, 0.68, 0.68]
		},
		"ground": {
			"translation": [0, 4, 0],
			"scale": [0.5, 0.5, 0.5]
		},
		"gui": {
			"rotation": [30, 0, -30],
			"translation": [-0.5, 0, 0]
		},
		"fixed": {
			"rotation": [0, 0, 45],
			"translation": [0.25, -0.25, 0],
			"scale": [0.9, 0.9, 0.9]
		}
	}
}