{
	"credit": "Made with Blockbench",
	"textures": {
		"particle": "item/manual",
		"2_0": "item/manual"
	},
	"elements": [
		{
			"from": [8, 4, 7.5],
			"to": [9, 5, 8.5],
			"faces": {
				"north": {"uv": [8, 11, 9, 12], "texture": "#2_0"},
				"east": {"uv": [8, 11, 9, 12], "texture": "#2_0"},
				"south": {"uv": [8, 11, 9, 12], "texture": "#2_0"},
				"west": {"uv": [8, 11, 9, 12], "texture": "#2_0"},
				"up": {"uv": [8, 11, 9, 12], "texture": "#2_0"},
				"down": {"uv": [8, 11, 9, 12], "texture": "#2_0"}
			}
		},
		{
			"from": [5, 4, 7.5],
			"to": [6, 5, 8.5],
			"faces": {
				"north": {"uv": [5, 11, 6, 12], "texture": "#2_0"},
				"east": {"uv": [5, 11, 6, 12], "texture": "#2_0"},
				"south": {"uv": [5, 11, 6, 12], "texture": "#2_0"},
				"west": {"uv": [5, 11, 6, 12], "texture": "#2_0"},
				"up": {"uv": [5, 11, 6, 12], "texture": "#2_0"},
				"down": {"uv": [5, 11, 6, 12], "texture": "#2_0"}
			}
		},
		{
			"from": [4, 4, 7.5],
			"to": [5, 5, 8.5],
			"faces": {
				"north": {"uv": [4, 11, 5, 12], "texture": "#2_0"},
				"east": {"uv": [4, 11, 5, 12], "texture": "#2_0"},
				"south": {"uv": [4, 11, 5, 12], "texture": "#2_0"},
				"west": {"uv": [4, 11, 5, 12], "texture": "#2_0"},
				"up": {"uv": [4, 11, 5, 12], "texture": "#2_0"},
				"down": {"uv": [4, 11, 5, 12], "texture": "#2_0"}
			}
		},
		{
			"from": [4, 3, 7.5],
			"to": [5, 4, 8.5],
			"faces": {
				"north": {"uv": [4, 12, 5, 13], "texture": "#2_0"},
				"east": {"uv": [4, 12, 5, 13], "texture": "#2_0"},
				"south": {"uv": [4, 12, 5, 13], "texture": "#2_0"},
				"west": {"uv": [4, 12, 5, 13], "texture": "#2_0"},
				"up": {"uv": [4, 12, 5, 13], "texture": "#2_0"},
				"down": {"uv": [4, 12, 5, 13], "texture": "#2_0"}
			}
		},
		{
			"from": [4, 2, 7.5],
			"to": [5, 3, 8.5],
			"faces": {
				"north": {"uv": [4, 13, 5, 14], "texture": "#2_0"},
				"east": {"uv": [4, 13, 5, 14], "texture": "#2_0"},
				"south": {"uv": [4, 13, 5, 14], "texture": "#2_0"},
				"west": {"uv": [4, 13, 5, 14], "texture": "#2_0"},
				"up": {"uv": [4, 13, 5, 14], "texture": "#2_0"},
				"down": {"uv": [4, 13, 5, 14], "texture": "#2_0"}
			}
		},
		{
			"from": [5, 2, 7.5],
			"to": [6, 3, 8.5],
			"faces": {
				"north": {"uv": [5, 13, 6, 14], "texture": "#2_0"},
				"east": {"uv": [5, 13, 6, 14], "texture": "#2_0"},
				"south": {"uv": [5, 13, 6, 14], "texture": "#2_0"},
				"west": {"uv": [5, 13, 6, 14], "texture": "#2_0"},
				"up": {"uv": [5, 13, 6, 14], "texture": "#2_0"},
				"down": {"uv": [5, 13, 6, 14], "texture": "#2_0"}
			}
		},
		{
			"from": [5, 1, 7.5],
			"to": [6, 2, 8.5],
			"faces": {
				"north": {"uv": [5, 14, 6, 15], "texture": "#2_0"},
				"east": {"uv": [5, 14, 6, 15], "texture": "#2_0"},
				"south": {"uv": [5, 14, 6, 15], "texture": "#2_0"},
				"west": {"uv": [5, 14, 6, 15], "texture": "#2_0"},
				"up": {"uv": [5, 14, 6, 15], "texture": "#2_0"},
				"down": {"uv": [5, 14, 6, 15], "texture": "#2_0"}
			}
		},
		{
			"from": [6, 1, 7.5],
			"to": [7, 2, 8.5],
			"faces": {
				"north": {"uv": [6, 14, 7, 15], "texture": "#2_0"},
				"east": {"uv": [6, 14, 7, 15], "texture": "#2_0"},
				"south": {"uv": [6, 14, 7, 15], "texture": "#2_0"},
				"west": {"uv": [6, 14, 7, 15], "texture": "#2_0"},
				"up": {"uv": [6, 14, 7, 15], "texture": "#2_0"},
				"down": {"uv": [6, 14, 7, 15], "texture": "#2_0"}
			}
		},
		{
			"from": [7, 1, 7.5],
			"to": [8, 2, 8.5],
			"faces": {
				"north": {"uv": [7, 14, 8, 15], "texture": "#2_0"},
				"east": {"uv": [7, 14, 8, 15], "texture": "#2_0"},
				"south": {"uv": [7, 14, 8, 15], "texture": "#2_0"},
				"west": {"uv": [7, 14, 8, 15], "texture": "#2_0"},
				"up": {"uv": [7, 14, 8, 15], "texture": "#2_0"},
				"down": {"uv": [7, 14, 8, 15], "texture": "#2_0"}
			}
		},
		{
			"from": [6, 2, 7.5],
			"to": [7, 3, 8.5],
			"faces": {
				"north": {"uv": [6, 13, 7, 14], "texture": "#2_0"},
				"east": {"uv": [6, 13, 7, 14], "texture": "#2_0"},
				"south": {"uv": [6, 13, 7, 14], "texture": "#2_0"},
				"west": {"uv": [6, 13, 7, 14], "texture": "#2_0"},
				"up": {"uv": [6, 13, 7, 14], "texture": "#2_0"},
				"down": {"uv": [6, 13, 7, 14], "texture": "#2_0"}
			}
		},
		{
			"from": [7, 2, 7.5],
			"to": [8, 3, 8.5],
			"faces": {
				"north": {"uv": [7, 13, 8, 14], "texture": "#2_0"},
				"east": {"uv": [7, 13, 8, 14], "texture": "#2_0"},
				"south": {"uv": [7, 13, 8, 14], "texture": "#2_0"},
				"west": {"uv": [7, 13, 8, 14], "texture": "#2_0"},
				"up": {"uv": [7, 13, 8, 14], "texture": "#2_0"},
				"down": {"uv": [7, 13, 8, 14], "texture": "#2_0"}
			}
		},
		{
			"from": [8, 2, 7.5],
			"to": [9, 3, 8.5],
			"faces": {
				"north": {"uv": [8, 13, 9, 14], "texture": "#2_0"},
				"east": {"uv": [8, 13, 9, 14], "texture": "#2_0"},
				"south": {"uv": [8, 13, 9, 14], "texture": "#2_0"},
				"west": {"uv": [8, 13, 9, 14], "texture": "#2_0"},
				"up": {"uv": [8, 13, 9, 14], "texture": "#2_0"},
				"down": {"uv": [8, 13, 9, 14], "texture": "#2_0"}
			}
		},
		{
			"from": [5, 3, 7.5],
			"to": [6, 4, 8.5],
			"faces": {
				"north": {"uv": [5, 12, 6, 13], "texture": "#2_0"},
				"east": {"uv": [5, 12, 6, 13], "texture": "#2_0"},
				"south": {"uv": [5, 12, 6, 13], "texture": "#2_0"},
				"west": {"uv": [5, 12, 6, 13], "texture": "#2_0"},
				"up": {"uv": [5, 12, 6, 13], "texture": "#2_0"},
				"down": {"uv": [5, 12, 6, 13], "texture": "#2_0"}
			}
		},
		{
			"from": [6, 3, 7.5],
			"to": [7, 4, 8.5],
			"faces": {
				"north": {"uv": [6, 12, 7, 13], "texture": "#2_0"},
				"east": {"uv": [6, 12, 7, 13], "texture": "#2_0"},
				"south": {"uv": [6, 12, 7, 13], "texture": "#2_0"},
				"west": {"uv": [6, 12, 7, 13], "texture": "#2_0"},
				"up": {"uv": [6, 12, 7, 13], "texture": "#2_0"},
				"down": {"uv": [6, 12, 7, 13], "texture": "#2_0"}
			}
		},
		{
			"from": [7, 3, 7.5],
			"to": [8, 4, 8.5],
			"faces": {
				"north": {"uv": [7, 12, 8, 13], "texture": "#2_0"},
				"east": {"uv": [7, 12, 8, 13], "texture": "#2_0"},
				"south": {"uv": [7, 12, 8, 13], "texture": "#2_0"},
				"west": {"uv": [7, 12, 8, 13], "texture": "#2_0"},
				"up": {"uv": [7, 12, 8, 13], "texture": "#2_0"},
				"down": {"uv": [7, 12, 8, 13], "texture": "#2_0"}
			}
		},
		{
			"from": [8, 3, 7.5],
			"to": [9, 4, 8.5],
			"faces": {
				"north": {"uv": [8, 12, 9, 13], "texture": "#2_0"},
				"east": {"uv": [8, 12, 9, 13], "texture": "#2_0"},
				"south": {"uv": [8, 12, 9, 13], "texture": "#2_0"},
				"west": {"uv": [8, 12, 9, 13], "texture": "#2_0"},
				"up": {"uv": [8, 12, 9, 13], "texture": "#2_0"},
				"down": {"uv": [8, 12, 9, 13], "texture": "#2_0"}
			}
		},
		{
			"from": [9, 3, 7.5],
			"to": [10, 4, 8.5],
			"faces": {
				"north": {"uv": [9, 12, 10, 13], "texture": "#2_0"},
				"east": {"uv": [9, 12, 10, 13], "texture": "#2_0"},
				"south": {"uv": [9, 12, 10, 13], "texture": "#2_0"},
				"west": {"uv": [9, 12, 10, 13], "texture": "#2_0"},
				"up": {"uv": [9, 12, 10, 13], "texture": "#2_0"},
				"down": {"uv": [9, 12, 10, 13], "texture": "#2_0"}
			}
		},
		{
			"from": [9, 2, 7.5],
			"to": [10, 3, 8.5],
			"faces": {
				"north": {"uv": [9, 13, 10, 14], "texture": "#2_0"},
				"east": {"uv": [9, 13, 10, 14], "texture": "#2_0"},
				"south": {"uv": [9, 13, 10, 14], "texture": "#2_0"},
				"west": {"uv": [9, 13, 10, 14], "texture": "#2_0"},
				"up": {"uv": [9, 13, 10, 14], "texture": "#2_0"},
				"down": {"uv": [9, 13, 10, 14], "texture": "#2_0"}
			}
		},
		{
			"from": [3, 8, 7.5],
			"to": [4, 9, 8.5],
			"faces": {
				"north": {"uv": [3, 7, 4, 8], "texture": "#2_0"},
				"east": {"uv": [3, 7, 4, 8], "texture": "#2_0"},
				"south": {"uv": [3, 7, 4, 8], "texture": "#2_0"},
				"west": {"uv": [3, 7, 4, 8], "texture": "#2_0"},
				"up": {"uv": [3, 7, 4, 8], "texture": "#2_0"},
				"down": {"uv": [3, 7, 4, 8], "texture": "#2_0"}
			}
		},
		{
			"from": [2, 8, 7.5],
			"to": [3, 9, 8.5],
			"faces": {
				"north": {"uv": [2, 7, 3, 8], "texture": "#2_0"},
				"east": {"uv": [2, 7, 3, 8], "texture": "#2_0"},
				"south": {"uv": [2, 7, 3, 8], "texture": "#2_0"},
				"west": {"uv": [2, 7, 3, 8], "texture": "#2_0"},
				"up": {"uv": [2, 7, 3, 8], "texture": "#2_0"},
				"down": {"uv": [2, 7, 3, 8], "texture": "#2_0"}
			}
		},
		{
			"from": [2, 9, 7.5],
			"to": [3, 10, 8.5],
			"faces": {
				"north": {"uv": [2, 6, 3, 7], "texture": "#2_0"},
				"east": {"uv": [2, 6, 3, 7], "texture": "#2_0"},
				"south": {"uv": [2, 6, 3, 7], "texture": "#2_0"},
				"west": {"uv": [2, 6, 3, 7], "texture": "#2_0"},
				"up": {"uv": [2, 6, 3, 7], "texture": "#2_0"},
				"down": {"uv": [2, 6, 3, 7], "texture": "#2_0"}
			}
		},
		{
			"from": [2, 10, 7.5],
			"to": [3, 11, 8.5],
			"faces": {
				"north": {"uv": [2, 5, 3, 6], "texture": "#2_0"},
				"east": {"uv": [2, 5, 3, 6], "texture": "#2_0"},
				"south": {"uv": [2, 5, 3, 6], "texture": "#2_0"},
				"west": {"uv": [2, 5, 3, 6], "texture": "#2_0"},
				"up": {"uv": [2, 5, 3, 6], "texture": "#2_0"},
				"down": {"uv": [2, 5, 3, 6], "texture": "#2_0"}
			}
		},
		{
			"from": [2, 11, 7.5],
			"to": [3, 12, 8.5],
			"faces": {
				"north": {"uv": [2, 4, 3, 5], "texture": "#2_0"},
				"east": {"uv": [2, 4, 3, 5], "texture": "#2_0"},
				"south": {"uv": [2, 4, 3, 5], "texture": "#2_0"},
				"west": {"uv": [2, 4, 3, 5], "texture": "#2_0"},
				"up": {"uv": [2, 4, 3, 5], "texture": "#2_0"},
				"down": {"uv": [2, 4, 3, 5], "texture": "#2_0"}
			}
		},
		{
			"from": [3, 11, 7.5],
			"to": [4, 12, 8.5],
			"faces": {
				"north": {"uv": [3, 4, 4, 5], "texture": "#2_0"},
				"east": {"uv": [3, 4, 4, 5], "texture": "#2_0"},
				"south": {"uv": [3, 4, 4, 5], "texture": "#2_0"},
				"west": {"uv": [3, 4, 4, 5], "texture": "#2_0"},
				"up": {"uv": [3, 4, 4, 5], "texture": "#2_0"},
				"down": {"uv": [3, 4, 4, 5], "texture": "#2_0"}
			}
		},
		{
			"from": [3, 10, 7.5],
			"to": [4, 11, 8.5],
			"faces": {
				"north": {"uv": [3, 5, 4, 6], "texture": "#2_0"},
				"east": {"uv": [3, 5, 4, 6], "texture": "#2_0"},
				"south": {"uv": [3, 5, 4, 6], "texture": "#2_0"},
				"west": {"uv": [3, 5, 4, 6], "texture": "#2_0"},
				"up": {"uv": [3, 5, 4, 6], "texture": "#2_0"},
				"down": {"uv": [3, 5, 4, 6], "texture": "#2_0"}
			}
		},
		{
			"from": [3, 9, 7.5],
			"to": [4, 10, 8.5],
			"faces": {
				"north": {"uv": [3, 6, 4, 7], "texture": "#2_0"},
				"east": {"uv": [3, 6, 4, 7], "texture": "#2_0"},
				"south": {"uv": [3, 6, 4, 7], "texture": "#2_0"},
				"west": {"uv": [3, 6, 4, 7], "texture": "#2_0"},
				"up": {"uv": [3, 6, 4, 7], "texture": "#2_0"},
				"down": {"uv": [3, 6, 4, 7], "texture": "#2_0"}
			}
		},
		{
			"from": [1, 9, 7.5],
			"to": [2, 10, 8.5],
			"faces": {
				"north": {"uv": [1, 6, 2, 7], "texture": "#2_0"},
				"east": {"uv": [1, 6, 2, 7], "texture": "#2_0"},
				"south": {"uv": [1, 6, 2, 7], "texture": "#2_0"},
				"west": {"uv": [1, 6, 2, 7], "texture": "#2_0"},
				"up": {"uv": [1, 6, 2, 7], "texture": "#2_0"},
				"down": {"uv": [1, 6, 2, 7], "texture": "#2_0"}
			}
		},
		{
			"from": [5, 9, 7.5],
			"to": [6, 10, 8.5],
			"faces": {
				"north": {"uv": [5, 6, 6, 7], "texture": "#2_0"},
				"east": {"uv": [5, 6, 6, 7], "texture": "#2_0"},
				"south": {"uv": [5, 6, 6, 7], "texture": "#2_0"},
				"west": {"uv": [5, 6, 6, 7], "texture": "#2_0"},
				"up": {"uv": [5, 6, 6, 7], "texture": "#2_0"},
				"down": {"uv": [5, 6, 6, 7], "texture": "#2_0"}
			}
		},
		{
			"from": [4, 10, 7.5],
			"to": [5, 11, 8.5],
			"faces": {
				"north": {"uv": [4, 5, 5, 6], "texture": "#2_0"},
				"east": {"uv": [4, 5, 5, 6], "texture": "#2_0"},
				"south": {"uv": [4, 5, 5, 6], "texture": "#2_0"},
				"west": {"uv": [4, 5, 5, 6], "texture": "#2_0"},
				"up": {"uv": [4, 5, 5, 6], "texture": "#2_0"},
				"down": {"uv": [4, 5, 5, 6], "texture": "#2_0"}
			}
		},
		{
			"from": [5, 10, 7.5],
			"to": [6, 11, 8.5],
			"faces": {
				"north": {"uv": [5, 5, 6, 6], "texture": "#2_0"},
				"east": {"uv": [5, 5, 6, 6], "texture": "#2_0"},
				"south": {"uv": [5, 5, 6, 6], "texture": "#2_0"},
				"west": {"uv": [5, 5, 6, 6], "texture": "#2_0"},
				"up": {"uv": [5, 5, 6, 6], "texture": "#2_0"},
				"down": {"uv": [5, 5, 6, 6], "texture": "#2_0"}
			}
		},
		{
			"from": [4, 9, 7.5],
			"to": [5, 10, 8.5],
			"faces": {
				"north": {"uv": [4, 6, 5, 7], "texture": "#2_0"},
				"east": {"uv": [4, 6, 5, 7], "texture": "#2_0"},
				"south": {"uv": [4, 6, 5, 7], "texture": "#2_0"},
				"west": {"uv": [4, 6, 5, 7], "texture": "#2_0"},
				"up": {"uv": [4, 6, 5, 7], "texture": "#2_0"},
				"down": {"uv": [4, 6, 5, 7], "texture": "#2_0"}
			}
		},
		{
			"from": [5, 11, 7.5],
			"to": [6, 12, 8.5],
			"faces": {
				"north": {"uv": [5, 4, 6, 5], "texture": "#2_0"},
				"east": {"uv": [5, 4, 6, 5], "texture": "#2_0"},
				"south": {"uv": [5, 4, 6, 5], "texture": "#2_0"},
				"west": {"uv": [5, 4, 6, 5], "texture": "#2_0"},
				"up": {"uv": [5, 4, 6, 5], "texture": "#2_0"},
				"down": {"uv": [5, 4, 6, 5], "texture": "#2_0"}
			}
		},
		{
			"from": [4, 11, 7.5],
			"to": [5, 12, 8.5],
			"faces": {
				"north": {"uv": [4, 4, 5, 5], "texture": "#2_0"},
				"east": {"uv": [4, 4, 5, 5], "texture": "#2_0"},
				"south": {"uv": [4, 4, 5, 5], "texture": "#2_0"},
				"west": {"uv": [4, 4, 5, 5], "texture": "#2_0"},
				"up": {"uv": [4, 4, 5, 5], "texture": "#2_0"},
				"down": {"uv": [4, 4, 5, 5], "texture": "#2_0"}
			}
		},
		{
			"from": [4, 12, 7.5],
			"to": [5, 13, 8.5],
			"faces": {
				"north": {"uv": [4, 3, 5, 4], "texture": "#2_0"},
				"east": {"uv": [4, 3, 5, 4], "texture": "#2_0"},
				"south": {"uv": [4, 3, 5, 4], "texture": "#2_0"},
				"west": {"uv": [4, 3, 5, 4], "texture": "#2_0"},
				"up": {"uv": [4, 3, 5, 4], "texture": "#2_0"},
				"down": {"uv": [4, 3, 5, 4], "texture": "#2_0"}
			}
		},
		{
			"from": [5, 12, 7.5],
			"to": [6, 13, 8.5],
			"faces": {
				"north": {"uv": [5, 3, 6, 4], "texture": "#2_0"},
				"east": {"uv": [5, 3, 6, 4], "texture": "#2_0"},
				"south": {"uv": [5, 3, 6, 4], "texture": "#2_0"},
				"west": {"uv": [5, 3, 6, 4], "texture": "#2_0"},
				"up": {"uv": [5, 3, 6, 4], "texture": "#2_0"},
				"down": {"uv": [5, 3, 6, 4], "texture": "#2_0"}
			}
		},
		{
			"from": [6, 5, 7.5],
			"to": [7, 6, 8.5],
			"faces": {
				"north": {"uv": [6, 10, 7, 11], "texture": "#2_0"},
				"east": {"uv": [6, 10, 7, 11], "texture": "#2_0"},
				"south": {"uv": [6, 10, 7, 11], "texture": "#2_0"},
				"west": {"uv": [6, 10, 7, 11], "texture": "#2_0"},
				"up": {"uv": [6, 10, 7, 11], "texture": "#2_0"},
				"down": {"uv": [6, 10, 7, 11], "texture": "#2_0"}
			}
		},
		{
			"from": [6, 11, 7.5],
			"to": [7, 12, 8.5],
			"faces": {
				"north": {"uv": [6, 4, 7, 5], "texture": "#2_0"},
				"east": {"uv": [6, 4, 7, 5], "texture": "#2_0"},
				"south": {"uv": [6, 4, 7, 5], "texture": "#2_0"},
				"west": {"uv": [6, 4, 7, 5], "texture": "#2_0"},
				"up": {"uv": [6, 4, 7, 5], "texture": "#2_0"},
				"down": {"uv": [6, 4, 7, 5], "texture": "#2_0"}
			}
		},
		{
			"from": [5, 5, 7.5],
			"to": [6, 6, 8.5],
			"faces": {
				"north": {"uv": [5, 10, 6, 11], "texture": "#2_0"},
				"east": {"uv": [5, 10, 6, 11], "texture": "#2_0"},
				"south": {"uv": [5, 10, 6, 11], "texture": "#2_0"},
				"west": {"uv": [5, 10, 6, 11], "texture": "#2_0"},
				"up": {"uv": [5, 10, 6, 11], "texture": "#2_0"},
				"down": {"uv": [5, 10, 6, 11], "texture": "#2_0"}
			}
		},
		{
			"from": [4, 5, 7.5],
			"to": [5, 6, 8.5],
			"faces": {
				"north": {"uv": [4, 10, 5, 11], "texture": "#2_0"},
				"east": {"uv": [4, 10, 5, 11], "texture": "#2_0"},
				"south": {"uv": [4, 10, 5, 11], "texture": "#2_0"},
				"west": {"uv": [4, 10, 5, 11], "texture": "#2_0"},
				"up": {"uv": [4, 10, 5, 11], "texture": "#2_0"},
				"down": {"uv": [4, 10, 5, 11], "texture": "#2_0"}
			}
		},
		{
			"from": [8, 11, 7.5],
			"to": [9, 12, 8.5],
			"faces": {
				"north": {"uv": [8, 4, 9, 5], "texture": "#2_0"},
				"east": {"uv": [8, 4, 9, 5], "texture": "#2_0"},
				"south": {"uv": [8, 4, 9, 5], "texture": "#2_0"},
				"west": {"uv": [8, 4, 9, 5], "texture": "#2_0"},
				"up": {"uv": [8, 4, 9, 5], "texture": "#2_0"},
				"down": {"uv": [8, 4, 9, 5], "texture": "#2_0"}
			}
		},
		{
			"from": [8, 12, 7.5],
			"to": [9, 13, 8.5],
			"faces": {
				"north": {"uv": [8, 3, 9, 4], "texture": "#2_0"},
				"east": {"uv": [8, 3, 9, 4], "texture": "#2_0"},
				"south": {"uv": [8, 3, 9, 4], "texture": "#2_0"},
				"west": {"uv": [8, 3, 9, 4], "texture": "#2_0"},
				"up": {"uv": [8, 3, 9, 4], "texture": "#2_0"},
				"down": {"uv": [8, 3, 9, 4], "texture": "#2_0"}
			}
		},
		{
			"from": [8, 13, 7.5],
			"to": [9, 14, 8.5],
			"faces": {
				"north": {"uv": [8, 2, 9, 3], "texture": "#2_0"},
				"east": {"uv": [8, 2, 9, 3], "texture": "#2_0"},
				"south": {"uv": [8, 2, 9, 3], "texture": "#2_0"},
				"west": {"uv": [8, 2, 9, 3], "texture": "#2_0"},
				"up": {"uv": [8, 2, 9, 3], "texture": "#2_0"},
				"down": {"uv": [8, 2, 9, 3], "texture": "#2_0"}
			}
		},
		{
			"from": [8, 14, 7.5],
			"to": [9, 15, 8.5],
			"faces": {
				"north": {"uv": [8, 1, 9, 2], "texture": "#2_0"},
				"east": {"uv": [8, 1, 9, 2], "texture": "#2_0"},
				"south": {"uv": [8, 1, 9, 2], "texture": "#2_0"},
				"west": {"uv": [8, 1, 9, 2], "texture": "#2_0"},
				"up": {"uv": [8, 1, 9, 2], "texture": "#2_0"},
				"down": {"uv": [8, 1, 9, 2], "texture": "#2_0"}
			}
		},
		{
			"from": [9, 14, 7.5],
			"to": [10, 15, 8.5],
			"faces": {
				"north": {"uv": [9, 1, 10, 2], "texture": "#2_0"},
				"east": {"uv": [9, 1, 10, 2], "texture": "#2_0"},
				"south": {"uv": [9, 1, 10, 2], "texture": "#2_0"},
				"west": {"uv": [9, 1, 10, 2], "texture": "#2_0"},
				"up": {"uv": [9, 1, 10, 2], "texture": "#2_0"},
				"down": {"uv": [9, 1, 10, 2], "texture": "#2_0"}
			}
		},
		{
			"from": [10, 14, 7.5],
			"to": [11, 15, 8.5],
			"faces": {
				"north": {"uv": [10, 1, 11, 2], "texture": "#2_0"},
				"east": {"uv": [10, 1, 11, 2], "texture": "#2_0"},
				"south": {"uv": [10, 1, 11, 2], "texture": "#2_0"},
				"west": {"uv": [10, 1, 11, 2], "texture": "#2_0"},
				"up": {"uv": [10, 1, 11, 2], "texture": "#2_0"},
				"down": {"uv": [10, 1, 11, 2], "texture": "#2_0"}
			}
		},
		{
			"from": [9, 11, 7.5],
			"to": [10, 12, 8.5],
			"faces": {
				"north": {"uv": [9, 4, 10, 5], "texture": "#2_0"},
				"east": {"uv": [9, 4, 10, 5], "texture": "#2_0"},
				"south": {"uv": [9, 4, 10, 5], "texture": "#2_0"},
				"west": {"uv": [9, 4, 10, 5], "texture": "#2_0"},
				"up": {"uv": [9, 4, 10, 5], "texture": "#2_0"},
				"down": {"uv": [9, 4, 10, 5], "texture": "#2_0"}
			}
		},
		{
			"from": [9, 12, 7.5],
			"to": [10, 13, 8.5],
			"faces": {
				"north": {"uv": [9, 3, 10, 4], "texture": "#2_0"},
				"east": {"uv": [9, 3, 10, 4], "texture": "#2_0"},
				"south": {"uv": [9, 3, 10, 4], "texture": "#2_0"},
				"west": {"uv": [9, 3, 10, 4], "texture": "#2_0"},
				"up": {"uv": [9, 3, 10, 4], "texture": "#2_0"},
				"down": {"uv": [9, 3, 10, 4], "texture": "#2_0"}
			}
		},
		{
			"from": [9, 13, 7.5],
			"to": [10, 14, 8.5],
			"faces": {
				"north": {"uv": [9, 2, 10, 3], "texture": "#2_0"},
				"east": {"uv": [9, 2, 10, 3], "texture": "#2_0"},
				"south": {"uv": [9, 2, 10, 3], "texture": "#2_0"},
				"west": {"uv": [9, 2, 10, 3], "texture": "#2_0"},
				"up": {"uv": [9, 2, 10, 3], "texture": "#2_0"},
				"down": {"uv": [9, 2, 10, 3], "texture": "#2_0"}
			}
		},
		{
			"from": [7, 12, 7.5],
			"to": [8, 13, 8.5],
			"faces": {
				"north": {"uv": [7, 3, 8, 4], "texture": "#2_0"},
				"east": {"uv": [7, 3, 8, 4], "texture": "#2_0"},
				"south": {"uv": [7, 3, 8, 4], "texture": "#2_0"},
				"west": {"uv": [7, 3, 8, 4], "texture": "#2_0"},
				"up": {"uv": [7, 3, 8, 4], "texture": "#2_0"},
				"down": {"uv": [7, 3, 8, 4], "texture": "#2_0"}
			}
		},
		{
			"from": [7, 13, 7.5],
			"to": [8, 14, 8.5],
			"faces": {
				"north": {"uv": [7, 2, 8, 3], "texture": "#2_0"},
				"east": {"uv": [7, 2, 8, 3], "texture": "#2_0"},
				"south": {"uv": [7, 2, 8, 3], "texture": "#2_0"},
				"west": {"uv": [7, 2, 8, 3], "texture": "#2_0"},
				"up": {"uv": [7, 2, 8, 3], "texture": "#2_0"},
				"down": {"uv": [7, 2, 8, 3], "texture": "#2_0"}
			}
		},
		{
			"from": [7, 11, 7.5],
			"to": [8, 12, 8.5],
			"faces": {
				"north": {"uv": [7, 4, 8, 5], "texture": "#2_0"},
				"east": {"uv": [7, 4, 8, 5], "texture": "#2_0"},
				"south": {"uv": [7, 4, 8, 5], "texture": "#2_0"},
				"west": {"uv": [7, 4, 8, 5], "texture": "#2_0"},
				"up": {"uv": [7, 4, 8, 5], "texture": "#2_0"},
				"down": {"uv": [7, 4, 8, 5], "texture": "#2_0"}
			}
		},
		{
			"from": [4, 6, 7.5],
			"to": [5, 7, 8.5],
			"faces": {
				"north": {"uv": [5, 10, 6, 11], "texture": "#2_0"},
				"east": {"uv": [5, 10, 6, 11], "texture": "#2_0"},
				"south": {"uv": [5, 10, 6, 11], "texture": "#2_0"},
				"west": {"uv": [5, 10, 6, 11], "texture": "#2_0"},
				"up": {"uv": [5, 10, 6, 11], "texture": "#2_0"},
				"down": {"uv": [5, 10, 6, 11], "texture": "#2_0"}
			}
		},
		{
			"from": [7, 10, 7.5],
			"to": [8, 11, 8.5],
			"faces": {
				"north": {"uv": [7, 5, 8, 6], "texture": "#2_0"},
				"east": {"uv": [7, 5, 8, 6], "texture": "#2_0"},
				"south": {"uv": [7, 5, 8, 6], "texture": "#2_0"},
				"west": {"uv": [7, 5, 8, 6], "texture": "#2_0"},
				"up": {"uv": [7, 5, 8, 6], "texture": "#2_0"},
				"down": {"uv": [7, 5, 8, 6], "texture": "#2_0"}
			}
		},
		{
			"from": [10, 10, 7.5],
			"to": [11, 11, 8.5],
			"faces": {
				"north": {"uv": [10, 5, 11, 6], "texture": "#2_0"},
				"east": {"uv": [10, 5, 11, 6], "texture": "#2_0"},
				"south": {"uv": [10, 5, 11, 6], "texture": "#2_0"},
				"west": {"uv": [10, 5, 11, 6], "texture": "#2_0"},
				"up": {"uv": [10, 5, 11, 6], "texture": "#2_0"},
				"down": {"uv": [10, 5, 11, 6], "texture": "#2_0"}
			}
		},
		{
			"from": [10, 11, 7.5],
			"to": [11, 12, 8.5],
			"faces": {
				"north": {"uv": [10, 4, 11, 5], "texture": "#2_0"},
				"east": {"uv": [10, 4, 11, 5], "texture": "#2_0"},
				"south": {"uv": [10, 4, 11, 5], "texture": "#2_0"},
				"west": {"uv": [10, 4, 11, 5], "texture": "#2_0"},
				"up": {"uv": [10, 4, 11, 5], "texture": "#2_0"},
				"down": {"uv": [10, 4, 11, 5], "texture": "#2_0"}
			}
		},
		{
			"from": [6, 12, 7.5],
			"to": [7, 13, 8.5],
			"faces": {
				"north": {"uv": [6, 3, 7, 4], "texture": "#2_0"},
				"east": {"uv": [6, 3, 7, 4], "texture": "#2_0"},
				"south": {"uv": [6, 3, 7, 4], "texture": "#2_0"},
				"west": {"uv": [6, 3, 7, 4], "texture": "#2_0"},
				"up": {"uv": [6, 3, 7, 4], "texture": "#2_0"},
				"down": {"uv": [6, 3, 7, 4], "texture": "#2_0"}
			}
		},
		{
			"from": [6, 13, 7.5],
			"to": [7, 14, 8.5],
			"faces": {
				"north": {"uv": [6, 2, 7, 3], "texture": "#2_0"},
				"east": {"uv": [6, 2, 7, 3], "texture": "#2_0"},
				"south": {"uv": [6, 2, 7, 3], "texture": "#2_0"},
				"west": {"uv": [6, 2, 7, 3], "texture": "#2_0"},
				"up": {"uv": [6, 2, 7, 3], "texture": "#2_0"},
				"down": {"uv": [6, 2, 7, 3], "texture": "#2_0"}
			}
		},
		{
			"from": [3, 7, 7.5],
			"to": [4, 8, 8.5],
			"faces": {
				"north": {"uv": [3, 8, 4, 9], "texture": "#2_0"},
				"east": {"uv": [3, 8, 4, 9], "texture": "#2_0"},
				"south": {"uv": [3, 8, 4, 9], "texture": "#2_0"},
				"west": {"uv": [3, 8, 4, 9], "texture": "#2_0"},
				"up": {"uv": [3, 8, 4, 9], "texture": "#2_0"},
				"down": {"uv": [3, 8, 4, 9], "texture": "#2_0"}
			}
		},
		{
			"from": [2, 7, 7.5],
			"to": [3, 8, 8.5],
			"faces": {
				"north": {"uv": [2, 8, 3, 9], "texture": "#2_0"},
				"east": {"uv": [2, 8, 3, 9], "texture": "#2_0"},
				"south": {"uv": [2, 8, 3, 9], "texture": "#2_0"},
				"west": {"uv": [2, 8, 3, 9], "texture": "#2_0"},
				"up": {"uv": [2, 8, 3, 9], "texture": "#2_0"},
				"down": {"uv": [2, 8, 3, 9], "texture": "#2_0"}
			}
		},
		{
			"from": [3, 6, 7.5],
			"to": [4, 7, 8.5],
			"faces": {
				"north": {"uv": [3, 9, 4, 10], "texture": "#2_0"},
				"east": {"uv": [3, 9, 4, 10], "texture": "#2_0"},
				"south": {"uv": [3, 9, 4, 10], "texture": "#2_0"},
				"west": {"uv": [3, 9, 4, 10], "texture": "#2_0"},
				"up": {"uv": [3, 9, 4, 10], "texture": "#2_0"},
				"down": {"uv": [3, 9, 4, 10], "texture": "#2_0"}
			}
		},
		{
			"from": [3, 5, 7.5],
			"to": [4, 6, 8.5],
			"faces": {
				"north": {"uv": [3, 10, 4, 11], "texture": "#2_0"},
				"east": {"uv": [3, 10, 4, 11], "texture": "#2_0"},
				"south": {"uv": [3, 10, 4, 11], "texture": "#2_0"},
				"west": {"uv": [3, 10, 4, 11], "texture": "#2_0"},
				"up": {"uv": [3, 10, 4, 11], "texture": "#2_0"},
				"down": {"uv": [3, 10, 4, 11], "texture": "#2_0"}
			}
		},
		{
			"from": [3, 4, 7.5],
			"to": [4, 5, 8.5],
			"faces": {
				"north": {"uv": [3, 11, 4, 12], "texture": "#2_0"},
				"east": {"uv": [3, 11, 4, 12], "texture": "#2_0"},
				"south": {"uv": [3, 11, 4, 12], "texture": "#2_0"},
				"west": {"uv": [3, 11, 4, 12], "texture": "#2_0"},
				"up": {"uv": [3, 11, 4, 12], "texture": "#2_0"},
				"down": {"uv": [3, 11, 4, 12], "texture": "#2_0"}
			}
		},
		{
			"from": [12, 4, 7.5],
			"to": [13, 5, 8.5],
			"faces": {
				"north": {"uv": [12, 11, 13, 12], "texture": "#2_0"},
				"east": {"uv": [12, 11, 13, 12], "texture": "#2_0"},
				"south": {"uv": [12, 11, 13, 12], "texture": "#2_0"},
				"west": {"uv": [12, 11, 13, 12], "texture": "#2_0"},
				"up": {"uv": [12, 11, 13, 12], "texture": "#2_0"},
				"down": {"uv": [12, 11, 13, 12], "texture": "#2_0"}
			}
		},
		{
			"from": [3, 3, 7.5],
			"to": [4, 4, 8.5],
			"faces": {
				"north": {"uv": [3, 12, 4, 13], "texture": "#2_0"},
				"east": {"uv": [3, 12, 4, 13], "texture": "#2_0"},
				"south": {"uv": [3, 12, 4, 13], "texture": "#2_0"},
				"west": {"uv": [3, 12, 4, 13], "texture": "#2_0"},
				"up": {"uv": [3, 12, 4, 13], "texture": "#2_0"},
				"down": {"uv": [3, 12, 4, 13], "texture": "#2_0"}
			}
		},
		{
			"from": [2, 4, 7.5],
			"to": [3, 5, 8.5],
			"faces": {
				"north": {"uv": [2, 11, 3, 12], "texture": "#2_0"},
				"east": {"uv": [2, 11, 3, 12], "texture": "#2_0"},
				"south": {"uv": [2, 11, 3, 12], "texture": "#2_0"},
				"west": {"uv": [2, 11, 3, 12], "texture": "#2_0"},
				"up": {"uv": [2, 11, 3, 12], "texture": "#2_0"},
				"down": {"uv": [2, 11, 3, 12], "texture": "#2_0"}
			}
		},
		{
			"from": [2, 5, 7.5],
			"to": [3, 6, 8.5],
			"faces": {
				"north": {"uv": [2, 10, 3, 11], "texture": "#2_0"},
				"east": {"uv": [2, 10, 3, 11], "texture": "#2_0"},
				"south": {"uv": [2, 10, 3, 11], "texture": "#2_0"},
				"west": {"uv": [2, 10, 3, 11], "texture": "#2_0"},
				"up": {"uv": [2, 10, 3, 11], "texture": "#2_0"},
				"down": {"uv": [2, 10, 3, 11], "texture": "#2_0"}
			}
		},
		{
			"from": [1, 5, 7.5],
			"to": [2, 6, 8.5],
			"faces": {
				"north": {"uv": [1, 10, 2, 11], "texture": "#2_0"},
				"east": {"uv": [1, 10, 2, 11], "texture": "#2_0"},
				"south": {"uv": [1, 10, 2, 11], "texture": "#2_0"},
				"west": {"uv": [1, 10, 2, 11], "texture": "#2_0"},
				"up": {"uv": [1, 10, 2, 11], "texture": "#2_0"},
				"down": {"uv": [1, 10, 2, 11], "texture": "#2_0"}
			}
		},
		{
			"from": [1, 6, 7.5],
			"to": [2, 7, 8.5],
			"faces": {
				"north": {"uv": [1, 9, 2, 10], "texture": "#2_0"},
				"east": {"uv": [1, 9, 2, 10], "texture": "#2_0"},
				"south": {"uv": [1, 9, 2, 10], "texture": "#2_0"},
				"west": {"uv": [1, 9, 2, 10], "texture": "#2_0"},
				"up": {"uv": [1, 9, 2, 10], "texture": "#2_0"},
				"down": {"uv": [1, 9, 2, 10], "texture": "#2_0"}
			}
		},
		{
			"from": [0, 6, 7.5],
			"to": [1, 7, 8.5],
			"faces": {
				"north": {"uv": [0, 9, 1, 10], "texture": "#2_0"},
				"east": {"uv": [0, 9, 1, 10], "texture": "#2_0"},
				"south": {"uv": [0, 9, 1, 10], "texture": "#2_0"},
				"west": {"uv": [0, 9, 1, 10], "texture": "#2_0"},
				"up": {"uv": [0, 9, 1, 10], "texture": "#2_0"},
				"down": {"uv": [0, 9, 1, 10], "texture": "#2_0"}
			}
		},
		{
			"from": [0, 7, 7.5],
			"to": [1, 8, 8.5],
			"faces": {
				"north": {"uv": [0, 8, 1, 9], "texture": "#2_0"},
				"east": {"uv": [0, 8, 1, 9], "texture": "#2_0"},
				"south": {"uv": [0, 8, 1, 9], "texture": "#2_0"},
				"west": {"uv": [0, 8, 1, 9], "texture": "#2_0"},
				"up": {"uv": [0, 8, 1, 9], "texture": "#2_0"},
				"down": {"uv": [0, 8, 1, 9], "texture": "#2_0"}
			}
		},
		{
			"from": [0, 8, 7.5],
			"to": [1, 9, 8.5],
			"faces": {
				"north": {"uv": [0, 7, 1, 8], "texture": "#2_0"},
				"east": {"uv": [0, 7, 1, 8], "texture": "#2_0"},
				"south": {"uv": [0, 7, 1, 8], "texture": "#2_0"},
				"west": {"uv": [0, 7, 1, 8], "texture": "#2_0"},
				"up": {"uv": [0, 7, 1, 8], "texture": "#2_0"},
				"down": {"uv": [0, 7, 1, 8], "texture": "#2_0"}
			}
		},
		{
			"from": [0, 9, 7.5],
			"to": [1, 10, 8.5],
			"faces": {
				"north": {"uv": [0, 6, 1, 7], "texture": "#2_0"},
				"east": {"uv": [0, 6, 1, 7], "texture": "#2_0"},
				"south": {"uv": [0, 6, 1, 7], "texture": "#2_0"},
				"west": {"uv": [0, 6, 1, 7], "texture": "#2_0"},
				"up": {"uv": [0, 6, 1, 7], "texture": "#2_0"},
				"down": {"uv": [0, 6, 1, 7], "texture": "#2_0"}
			}
		},
		{
			"from": [0, 10, 7.5],
			"to": [1, 11, 8.5],
			"faces": {
				"north": {"uv": [0, 5, 1, 6], "texture": "#2_0"},
				"east": {"uv": [0, 5, 1, 6], "texture": "#2_0"},
				"south": {"uv": [0, 5, 1, 6], "texture": "#2_0"},
				"west": {"uv": [0, 5, 1, 6], "texture": "#2_0"},
				"up": {"uv": [0, 5, 1, 6], "texture": "#2_0"},
				"down": {"uv": [0, 5, 1, 6], "texture": "#2_0"}
			}
		},
		{
			"from": [1, 10, 7.5],
			"to": [2, 11, 8.5],
			"faces": {
				"north": {"uv": [1, 5, 2, 6], "texture": "#2_0"},
				"east": {"uv": [1, 5, 2, 6], "texture": "#2_0"},
				"south": {"uv": [1, 5, 2, 6], "texture": "#2_0"},
				"west": {"uv": [1, 5, 2, 6], "texture": "#2_0"},
				"up": {"uv": [1, 5, 2, 6], "texture": "#2_0"},
				"down": {"uv": [1, 5, 2, 6], "texture": "#2_0"}
			}
		},
		{
			"from": [1, 7, 7.5],
			"to": [2, 8, 8.5],
			"faces": {
				"north": {"uv": [1, 8, 2, 9], "texture": "#2_0"},
				"east": {"uv": [1, 8, 2, 9], "texture": "#2_0"},
				"south": {"uv": [1, 8, 2, 9], "texture": "#2_0"},
				"west": {"uv": [1, 8, 2, 9], "texture": "#2_0"},
				"up": {"uv": [1, 8, 2, 9], "texture": "#2_0"},
				"down": {"uv": [1, 8, 2, 9], "texture": "#2_0"}
			}
		},
		{
			"from": [1, 8, 7.5],
			"to": [2, 9, 8.5],
			"faces": {
				"north": {"uv": [1, 7, 2, 8], "texture": "#2_0"},
				"east": {"uv": [1, 7, 2, 8], "texture": "#2_0"},
				"south": {"uv": [1, 7, 2, 8], "texture": "#2_0"},
				"west": {"uv": [1, 7, 2, 8], "texture": "#2_0"},
				"up": {"uv": [1, 7, 2, 8], "texture": "#2_0"},
				"down": {"uv": [1, 7, 2, 8], "texture": "#2_0"}
			}
		},
		{
			"from": [2, 6, 7.5],
			"to": [3, 7, 8.5],
			"faces": {
				"north": {"uv": [2, 9, 3, 10], "texture": "#2_0"},
				"east": {"uv": [2, 9, 3, 10], "texture": "#2_0"},
				"south": {"uv": [2, 9, 3, 10], "texture": "#2_0"},
				"west": {"uv": [2, 9, 3, 10], "texture": "#2_0"},
				"up": {"uv": [2, 9, 3, 10], "texture": "#2_0"},
				"down": {"uv": [2, 9, 3, 10], "texture": "#2_0"}
			}
		},
		{
			"from": [13, 4, 7.5],
			"to": [14, 5, 8.5],
			"faces": {
				"north": {"uv": [13, 11, 14, 12], "texture": "#2_0"},
				"east": {"uv": [13, 11, 14, 12], "texture": "#2_0"},
				"south": {"uv": [13, 11, 14, 12], "texture": "#2_0"},
				"west": {"uv": [13, 11, 14, 12], "texture": "#2_0"},
				"up": {"uv": [13, 11, 14, 12], "texture": "#2_0"},
				"down": {"uv": [13, 11, 14, 12], "texture": "#2_0"}
			}
		},
		{
			"from": [14, 5, 7.5],
			"to": [15, 6, 8.5],
			"faces": {
				"north": {"uv": [14, 10, 15, 11], "texture": "#2_0"},
				"east": {"uv": [14, 10, 15, 11], "texture": "#2_0"},
				"south": {"uv": [14, 10, 15, 11], "texture": "#2_0"},
				"west": {"uv": [14, 10, 15, 11], "texture": "#2_0"},
				"up": {"uv": [14, 10, 15, 11], "texture": "#2_0"},
				"down": {"uv": [14, 10, 15, 11], "texture": "#2_0"}
			}
		},
		{
			"from": [15, 5, 7.5],
			"to": [16, 6, 8.5],
			"faces": {
				"north": {"uv": [15, 10, 16, 11], "texture": "#2_0"},
				"east": {"uv": [15, 10, 16, 11], "texture": "#2_0"},
				"south": {"uv": [15, 10, 16, 11], "texture": "#2_0"},
				"west": {"uv": [15, 10, 16, 11], "texture": "#2_0"},
				"up": {"uv": [15, 10, 16, 11], "texture": "#2_0"},
				"down": {"uv": [15, 10, 16, 11], "texture": "#2_0"}
			}
		},
		{
			"from": [14, 6, 7.5],
			"to": [15, 7, 8.5],
			"faces": {
				"north": {"uv": [14, 9, 15, 10], "texture": "#2_0"},
				"east": {"uv": [14, 9, 15, 10], "texture": "#2_0"},
				"south": {"uv": [14, 9, 15, 10], "texture": "#2_0"},
				"west": {"uv": [14, 9, 15, 10], "texture": "#2_0"},
				"up": {"uv": [14, 9, 15, 10], "texture": "#2_0"},
				"down": {"uv": [14, 9, 15, 10], "texture": "#2_0"}
			}
		},
		{
			"from": [14, 7, 7.5],
			"to": [15, 8, 8.5],
			"faces": {
				"north": {"uv": [14, 8, 15, 9], "texture": "#2_0"},
				"east": {"uv": [14, 8, 15, 9], "texture": "#2_0"},
				"south": {"uv": [14, 8, 15, 9], "texture": "#2_0"},
				"west": {"uv": [14, 8, 15, 9], "texture": "#2_0"},
				"up": {"uv": [14, 8, 15, 9], "texture": "#2_0"},
				"down": {"uv": [14, 8, 15, 9], "texture": "#2_0"}
			}
		},
		{
			"from": [15, 6, 7.5],
			"to": [16, 7, 8.5],
			"faces": {
				"north": {"uv": [15, 9, 16, 10], "texture": "#2_0"},
				"east": {"uv": [15, 9, 16, 10], "texture": "#2_0"},
				"south": {"uv": [15, 9, 16, 10], "texture": "#2_0"},
				"west": {"uv": [15, 9, 16, 10], "texture": "#2_0"},
				"up": {"uv": [15, 9, 16, 10], "texture": "#2_0"},
				"down": {"uv": [15, 9, 16, 10], "texture": "#2_0"}
			}
		},
		{
			"from": [8, 10, 7.5],
			"to": [9, 11, 8.5],
			"faces": {
				"north": {"uv": [8, 5, 9, 6], "texture": "#2_0"},
				"east": {"uv": [8, 5, 9, 6], "texture": "#2_0"},
				"south": {"uv": [8, 5, 9, 6], "texture": "#2_0"},
				"west": {"uv": [8, 5, 9, 6], "texture": "#2_0"},
				"up": {"uv": [8, 5, 9, 6], "texture": "#2_0"},
				"down": {"uv": [8, 5, 9, 6], "texture": "#2_0"}
			}
		},
		{
			"from": [9, 10, 7.5],
			"to": [10, 11, 8.5],
			"faces": {
				"north": {"uv": [9, 5, 10, 6], "texture": "#2_0"},
				"east": {"uv": [9, 5, 10, 6], "texture": "#2_0"},
				"south": {"uv": [9, 5, 10, 6], "texture": "#2_0"},
				"west": {"uv": [9, 5, 10, 6], "texture": "#2_0"},
				"up": {"uv": [9, 5, 10, 6], "texture": "#2_0"},
				"down": {"uv": [9, 5, 10, 6], "texture": "#2_0"}
			}
		},
		{
			"from": [4, 8, 7.5],
			"to": [5, 9, 8.5],
			"faces": {
				"north": {"uv": [4, 7, 5, 8], "texture": "#2_0"},
				"east": {"uv": [4, 7, 5, 8], "texture": "#2_0"},
				"south": {"uv": [4, 7, 5, 8], "texture": "#2_0"},
				"west": {"uv": [4, 7, 5, 8], "texture": "#2_0"},
				"up": {"uv": [4, 7, 5, 8], "texture": "#2_0"},
				"down": {"uv": [4, 7, 5, 8], "texture": "#2_0"}
			}
		},
		{
			"from": [7, 4, 7.5],
			"to": [8, 5, 8.5],
			"faces": {
				"north": {"uv": [7, 11, 8, 12], "texture": "#2_0"},
				"east": {"uv": [7, 11, 8, 12], "texture": "#2_0"},
				"south": {"uv": [7, 11, 8, 12], "texture": "#2_0"},
				"west": {"uv": [7, 11, 8, 12], "texture": "#2_0"},
				"up": {"uv": [7, 11, 8, 12], "texture": "#2_0"},
				"down": {"uv": [7, 11, 8, 12], "texture": "#2_0"}
			}
		},
		{
			"from": [6, 4, 7.5],
			"to": [7, 5, 8.5],
			"faces": {
				"north": {"uv": [6, 11, 7, 12], "texture": "#2_0"},
				"east": {"uv": [6, 11, 7, 12], "texture": "#2_0"},
				"south": {"uv": [6, 11, 7, 12], "texture": "#2_0"},
				"west": {"uv": [6, 11, 7, 12], "texture": "#2_0"},
				"up": {"uv": [6, 11, 7, 12], "texture": "#2_0"},
				"down": {"uv": [6, 11, 7, 12], "texture": "#2_0"}
			}
		},
		{
			"from": [8, 9, 7.5],
			"to": [9, 10, 8.5],
			"faces": {
				"north": {"uv": [8, 6, 9, 7], "texture": "#2_0"},
				"east": {"uv": [8, 6, 9, 7], "texture": "#2_0"},
				"south": {"uv": [8, 6, 9, 7], "texture": "#2_0"},
				"west": {"uv": [8, 6, 9, 7], "texture": "#2_0"},
				"up": {"uv": [8, 6, 9, 7], "texture": "#2_0"},
				"down": {"uv": [8, 6, 9, 7], "texture": "#2_0"}
			}
		},
		{
			"from": [9, 9, 7.5],
			"to": [10, 10, 8.5],
			"faces": {
				"north": {"uv": [9, 6, 10, 7], "texture": "#2_0"},
				"east": {"uv": [9, 6, 10, 7], "texture": "#2_0"},
				"south": {"uv": [9, 6, 10, 7], "texture": "#2_0"},
				"west": {"uv": [9, 6, 10, 7], "texture": "#2_0"},
				"up": {"uv": [9, 6, 10, 7], "texture": "#2_0"},
				"down": {"uv": [9, 6, 10, 7], "texture": "#2_0"}
			}
		},
		{
			"from": [7, 9, 7.5],
			"to": [8, 10, 8.5],
			"faces": {
				"north": {"uv": [7, 6, 8, 7], "texture": "#2_0"},
				"east": {"uv": [7, 6, 8, 7], "texture": "#2_0"},
				"south": {"uv": [7, 6, 8, 7], "texture": "#2_0"},
				"west": {"uv": [7, 6, 8, 7], "texture": "#2_0"},
				"up": {"uv": [7, 6, 8, 7], "texture": "#2_0"},
				"down": {"uv": [7, 6, 8, 7], "texture": "#2_0"}
			}
		},
		{
			"from": [6, 8, 7.5],
			"to": [7, 9, 8.5],
			"faces": {
				"north": {"uv": [6, 7, 7, 8], "texture": "#2_0"},
				"east": {"uv": [6, 7, 7, 8], "texture": "#2_0"},
				"south": {"uv": [6, 7, 7, 8], "texture": "#2_0"},
				"west": {"uv": [6, 7, 7, 8], "texture": "#2_0"},
				"up": {"uv": [6, 7, 7, 8], "texture": "#2_0"},
				"down": {"uv": [6, 7, 7, 8], "texture": "#2_0"}
			}
		},
		{
			"from": [6, 10, 7.5],
			"to": [7, 11, 8.5],
			"faces": {
				"north": {"uv": [6, 5, 7, 6], "texture": "#2_0"},
				"east": {"uv": [6, 5, 7, 6], "texture": "#2_0"},
				"south": {"uv": [6, 5, 7, 6], "texture": "#2_0"},
				"west": {"uv": [6, 5, 7, 6], "texture": "#2_0"},
				"up": {"uv": [6, 5, 7, 6], "texture": "#2_0"},
				"down": {"uv": [6, 5, 7, 6], "texture": "#2_0"}
			}
		},
		{
			"from": [6, 9, 7.5],
			"to": [7, 10, 8.5],
			"faces": {
				"north": {"uv": [6, 6, 7, 7], "texture": "#2_0"},
				"east": {"uv": [6, 6, 7, 7], "texture": "#2_0"},
				"south": {"uv": [6, 6, 7, 7], "texture": "#2_0"},
				"west": {"uv": [6, 6, 7, 7], "texture": "#2_0"},
				"up": {"uv": [6, 6, 7, 7], "texture": "#2_0"},
				"down": {"uv": [6, 6, 7, 7], "texture": "#2_0"}
			}
		},
		{
			"from": [7, 8, 7.5],
			"to": [8, 9, 8.5],
			"faces": {
				"north": {"uv": [7, 7, 8, 8], "texture": "#2_0"},
				"east": {"uv": [7, 7, 8, 8], "texture": "#2_0"},
				"south": {"uv": [7, 7, 8, 8], "texture": "#2_0"},
				"west": {"uv": [7, 7, 8, 8], "texture": "#2_0"},
				"up": {"uv": [7, 7, 8, 8], "texture": "#2_0"},
				"down": {"uv": [7, 7, 8, 8], "texture": "#2_0"}
			}
		},
		{
			"from": [9, 8, 7.5],
			"to": [10, 9, 8.5],
			"faces": {
				"north": {"uv": [9, 7, 10, 8], "texture": "#2_0"},
				"east": {"uv": [9, 7, 10, 8], "texture": "#2_0"},
				"south": {"uv": [9, 7, 10, 8], "texture": "#2_0"},
				"west": {"uv": [9, 7, 10, 8], "texture": "#2_0"},
				"up": {"uv": [9, 7, 10, 8], "texture": "#2_0"},
				"down": {"uv": [9, 7, 10, 8], "texture": "#2_0"}
			}
		},
		{
			"from": [10, 9, 7.5],
			"to": [11, 10, 8.5],
			"faces": {
				"north": {"uv": [10, 6, 11, 7], "texture": "#2_0"},
				"east": {"uv": [10, 6, 11, 7], "texture": "#2_0"},
				"south": {"uv": [10, 6, 11, 7], "texture": "#2_0"},
				"west": {"uv": [10, 6, 11, 7], "texture": "#2_0"},
				"up": {"uv": [10, 6, 11, 7], "texture": "#2_0"},
				"down": {"uv": [10, 6, 11, 7], "texture": "#2_0"}
			}
		},
		{
			"from": [11, 9, 7.5],
			"to": [12, 10, 8.5],
			"faces": {
				"north": {"uv": [11, 6, 12, 7], "texture": "#2_0"},
				"east": {"uv": [11, 6, 12, 7], "texture": "#2_0"},
				"south": {"uv": [11, 6, 12, 7], "texture": "#2_0"},
				"west": {"uv": [11, 6, 12, 7], "texture": "#2_0"},
				"up": {"uv": [11, 6, 12, 7], "texture": "#2_0"},
				"down": {"uv": [11, 6, 12, 7], "texture": "#2_0"}
			}
		},
		{
			"from": [12, 10, 7.5],
			"to": [13, 11, 8.5],
			"faces": {
				"north": {"uv": [12, 5, 13, 6], "texture": "#2_0"},
				"east": {"uv": [12, 5, 13, 6], "texture": "#2_0"},
				"south": {"uv": [12, 5, 13, 6], "texture": "#2_0"},
				"west": {"uv": [12, 5, 13, 6], "texture": "#2_0"},
				"up": {"uv": [12, 5, 13, 6], "texture": "#2_0"},
				"down": {"uv": [12, 5, 13, 6], "texture": "#2_0"}
			}
		},
		{
			"from": [13, 10, 7.5],
			"to": [14, 11, 8.5],
			"faces": {
				"north": {"uv": [13, 5, 14, 6], "texture": "#2_0"},
				"east": {"uv": [13, 5, 14, 6], "texture": "#2_0"},
				"south": {"uv": [13, 5, 14, 6], "texture": "#2_0"},
				"west": {"uv": [13, 5, 14, 6], "texture": "#2_0"},
				"up": {"uv": [13, 5, 14, 6], "texture": "#2_0"},
				"down": {"uv": [13, 5, 14, 6], "texture": "#2_0"}
			}
		},
		{
			"from": [12, 9, 7.5],
			"to": [13, 10, 8.5],
			"faces": {
				"north": {"uv": [12, 6, 13, 7], "texture": "#2_0"},
				"east": {"uv": [12, 6, 13, 7], "texture": "#2_0"},
				"south": {"uv": [12, 6, 13, 7], "texture": "#2_0"},
				"west": {"uv": [12, 6, 13, 7], "texture": "#2_0"},
				"up": {"uv": [12, 6, 13, 7], "texture": "#2_0"},
				"down": {"uv": [12, 6, 13, 7], "texture": "#2_0"}
			}
		},
		{
			"from": [13, 9, 7.5],
			"to": [14, 10, 8.5],
			"faces": {
				"north": {"uv": [13, 6, 14, 7], "texture": "#2_0"},
				"east": {"uv": [13, 6, 14, 7], "texture": "#2_0"},
				"south": {"uv": [13, 6, 14, 7], "texture": "#2_0"},
				"west": {"uv": [13, 6, 14, 7], "texture": "#2_0"},
				"up": {"uv": [13, 6, 14, 7], "texture": "#2_0"},
				"down": {"uv": [13, 6, 14, 7], "texture": "#2_0"}
			}
		},
		{
			"from": [11, 10, 7.5],
			"to": [12, 11, 8.5],
			"faces": {
				"north": {"uv": [11, 5, 12, 6], "texture": "#2_0"},
				"east": {"uv": [11, 5, 12, 6], "texture": "#2_0"},
				"south": {"uv": [11, 5, 12, 6], "texture": "#2_0"},
				"west": {"uv": [11, 5, 12, 6], "texture": "#2_0"},
				"up": {"uv": [11, 5, 12, 6], "texture": "#2_0"},
				"down": {"uv": [11, 5, 12, 6], "texture": "#2_0"}
			}
		},
		{
			"from": [11, 12, 7.5],
			"to": [12, 13, 8.5],
			"faces": {
				"north": {"uv": [11, 3, 12, 4], "texture": "#2_0"},
				"east": {"uv": [11, 3, 12, 4], "texture": "#2_0"},
				"south": {"uv": [11, 3, 12, 4], "texture": "#2_0"},
				"west": {"uv": [11, 3, 12, 4], "texture": "#2_0"},
				"up": {"uv": [11, 3, 12, 4], "texture": "#2_0"},
				"down": {"uv": [11, 3, 12, 4], "texture": "#2_0"}
			}
		},
		{
			"from": [11, 11, 7.5],
			"to": [12, 12, 8.5],
			"faces": {
				"north": {"uv": [11, 4, 12, 5], "texture": "#2_0"},
				"east": {"uv": [11, 4, 12, 5], "texture": "#2_0"},
				"south": {"uv": [11, 4, 12, 5], "texture": "#2_0"},
				"west": {"uv": [11, 4, 12, 5], "texture": "#2_0"},
				"up": {"uv": [11, 4, 12, 5], "texture": "#2_0"},
				"down": {"uv": [11, 4, 12, 5], "texture": "#2_0"}
			}
		},
		{
			"from": [12, 11, 7.5],
			"to": [13, 12, 8.5],
			"faces": {
				"north": {"uv": [12, 4, 13, 5], "texture": "#2_0"},
				"east": {"uv": [12, 4, 13, 5], "texture": "#2_0"},
				"south": {"uv": [12, 4, 13, 5], "texture": "#2_0"},
				"west": {"uv": [12, 4, 13, 5], "texture": "#2_0"},
				"up": {"uv": [12, 4, 13, 5], "texture": "#2_0"},
				"down": {"uv": [12, 4, 13, 5], "texture": "#2_0"}
			}
		},
		{
			"from": [13, 11, 7.5],
			"to": [14, 12, 8.5],
			"faces": {
				"north": {"uv": [13, 4, 14, 5], "texture": "#2_0"},
				"east": {"uv": [13, 4, 14, 5], "texture": "#2_0"},
				"south": {"uv": [13, 4, 14, 5], "texture": "#2_0"},
				"west": {"uv": [13, 4, 14, 5], "texture": "#2_0"},
				"up": {"uv": [13, 4, 14, 5], "texture": "#2_0"},
				"down": {"uv": [13, 4, 14, 5], "texture": "#2_0"}
			}
		},
		{
			"from": [12, 12, 7.5],
			"to": [13, 13, 8.5],
			"faces": {
				"north": {"uv": [12, 3, 13, 4], "texture": "#2_0"},
				"east": {"uv": [12, 3, 13, 4], "texture": "#2_0"},
				"south": {"uv": [12, 3, 13, 4], "texture": "#2_0"},
				"west": {"uv": [12, 3, 13, 4], "texture": "#2_0"},
				"up": {"uv": [12, 3, 13, 4], "texture": "#2_0"},
				"down": {"uv": [12, 3, 13, 4], "texture": "#2_0"}
			}
		},
		{
			"from": [10, 12, 7.5],
			"to": [11, 13, 8.5],
			"faces": {
				"north": {"uv": [10, 3, 11, 4], "texture": "#2_0"},
				"east": {"uv": [10, 3, 11, 4], "texture": "#2_0"},
				"south": {"uv": [10, 3, 11, 4], "texture": "#2_0"},
				"west": {"uv": [10, 3, 11, 4], "texture": "#2_0"},
				"up": {"uv": [10, 3, 11, 4], "texture": "#2_0"},
				"down": {"uv": [10, 3, 11, 4], "texture": "#2_0"}
			}
		},
		{
			"from": [10, 13, 7.5],
			"to": [11, 14, 8.5],
			"faces": {
				"north": {"uv": [10, 2, 11, 3], "texture": "#2_0"},
				"east": {"uv": [10, 2, 11, 3], "texture": "#2_0"},
				"south": {"uv": [10, 2, 11, 3], "texture": "#2_0"},
				"west": {"uv": [10, 2, 11, 3], "texture": "#2_0"},
				"up": {"uv": [10, 2, 11, 3], "texture": "#2_0"},
				"down": {"uv": [10, 2, 11, 3], "texture": "#2_0"}
			}
		},
		{
			"from": [11, 13, 7.5],
			"to": [12, 14, 8.5],
			"faces": {
				"north": {"uv": [11, 2, 12, 3], "texture": "#2_0"},
				"east": {"uv": [11, 2, 12, 3], "texture": "#2_0"},
				"south": {"uv": [11, 2, 12, 3], "texture": "#2_0"},
				"west": {"uv": [11, 2, 12, 3], "texture": "#2_0"},
				"up": {"uv": [11, 2, 12, 3], "texture": "#2_0"},
				"down": {"uv": [11, 2, 12, 3], "texture": "#2_0"}
			}
		},
		{
			"from": [5, 8, 7.5],
			"to": [6, 9, 8.5],
			"faces": {
				"north": {"uv": [5, 7, 6, 8], "texture": "#2_0"},
				"east": {"uv": [5, 7, 6, 8], "texture": "#2_0"},
				"south": {"uv": [5, 7, 6, 8], "texture": "#2_0"},
				"west": {"uv": [5, 7, 6, 8], "texture": "#2_0"},
				"up": {"uv": [5, 7, 6, 8], "texture": "#2_0"},
				"down": {"uv": [5, 7, 6, 8], "texture": "#2_0"}
			}
		},
		{
			"from": [8, 8, 7.5],
			"to": [9, 9, 8.5],
			"faces": {
				"north": {"uv": [8, 7, 9, 8], "texture": "#2_0"},
				"east": {"uv": [8, 7, 9, 8], "texture": "#2_0"},
				"south": {"uv": [8, 7, 9, 8], "texture": "#2_0"},
				"west": {"uv": [8, 7, 9, 8], "texture": "#2_0"},
				"up": {"uv": [8, 7, 9, 8], "texture": "#2_0"},
				"down": {"uv": [8, 7, 9, 8], "texture": "#2_0"}
			}
		},
		{
			"from": [11, 8, 7.5],
			"to": [12, 9, 8.5],
			"faces": {
				"north": {"uv": [11, 7, 12, 8], "texture": "#2_0"},
				"east": {"uv": [11, 7, 12, 8], "texture": "#2_0"},
				"south": {"uv": [11, 7, 12, 8], "texture": "#2_0"},
				"west": {"uv": [11, 7, 12, 8], "texture": "#2_0"},
				"up": {"uv": [11, 7, 12, 8], "texture": "#2_0"},
				"down": {"uv": [11, 7, 12, 8], "texture": "#2_0"}
			}
		},
		{
			"from": [5, 7, 7.5],
			"to": [6, 8, 8.5],
			"faces": {
				"north": {"uv": [5, 8, 6, 9], "texture": "#2_0"},
				"east": {"uv": [5, 8, 6, 9], "texture": "#2_0"},
				"south": {"uv": [5, 8, 6, 9], "texture": "#2_0"},
				"west": {"uv": [5, 8, 6, 9], "texture": "#2_0"},
				"up": {"uv": [5, 8, 6, 9], "texture": "#2_0"},
				"down": {"uv": [5, 8, 6, 9], "texture": "#2_0"}
			}
		},
		{
			"from": [8, 7, 7.5],
			"to": [9, 8, 8.5],
			"faces": {
				"north": {"uv": [8, 8, 9, 9], "texture": "#2_0"},
				"east": {"uv": [8, 8, 9, 9], "texture": "#2_0"},
				"south": {"uv": [8, 8, 9, 9], "texture": "#2_0"},
				"west": {"uv": [8, 8, 9, 9], "texture": "#2_0"},
				"up": {"uv": [8, 8, 9, 9], "texture": "#2_0"},
				"down": {"uv": [8, 8, 9, 9], "texture": "#2_0"}
			}
		},
		{
			"from": [10, 7, 7.5],
			"to": [11, 8, 8.5],
			"faces": {
				"north": {"uv": [10, 8, 11, 9], "texture": "#2_0"},
				"east": {"uv": [10, 8, 11, 9], "texture": "#2_0"},
				"south": {"uv": [10, 8, 11, 9], "texture": "#2_0"},
				"west": {"uv": [10, 8, 11, 9], "texture": "#2_0"},
				"up": {"uv": [10, 8, 11, 9], "texture": "#2_0"},
				"down": {"uv": [10, 8, 11, 9], "texture": "#2_0"}
			}
		},
		{
			"from": [6, 7, 7.5],
			"to": [7, 8, 8.5],
			"faces": {
				"north": {"uv": [6, 8, 7, 9], "texture": "#2_0"},
				"east": {"uv": [6, 8, 7, 9], "texture": "#2_0"},
				"south": {"uv": [6, 8, 7, 9], "texture": "#2_0"},
				"west": {"uv": [6, 8, 7, 9], "texture": "#2_0"},
				"up": {"uv": [6, 8, 7, 9], "texture": "#2_0"},
				"down": {"uv": [6, 8, 7, 9], "texture": "#2_0"}
			}
		},
		{
			"from": [7, 6, 7.5],
			"to": [8, 7, 8.5],
			"faces": {
				"north": {"uv": [7, 9, 8, 10], "texture": "#2_0"},
				"east": {"uv": [7, 9, 8, 10], "texture": "#2_0"},
				"south": {"uv": [7, 9, 8, 10], "texture": "#2_0"},
				"west": {"uv": [7, 9, 8, 10], "texture": "#2_0"},
				"up": {"uv": [7, 9, 8, 10], "texture": "#2_0"},
				"down": {"uv": [7, 9, 8, 10], "texture": "#2_0"}
			}
		},
		{
			"from": [5, 6, 7.5],
			"to": [6, 7, 8.5],
			"faces": {
				"north": {"uv": [5, 9, 6, 10], "texture": "#2_0"},
				"east": {"uv": [5, 9, 6, 10], "texture": "#2_0"},
				"south": {"uv": [5, 9, 6, 10], "texture": "#2_0"},
				"west": {"uv": [5, 9, 6, 10], "texture": "#2_0"},
				"up": {"uv": [5, 9, 6, 10], "texture": "#2_0"},
				"down": {"uv": [5, 9, 6, 10], "texture": "#2_0"}
			}
		},
		{
			"from": [9, 7, 7.5],
			"to": [10, 8, 8.5],
			"faces": {
				"north": {"uv": [9, 8, 10, 9], "texture": "#2_0"},
				"east": {"uv": [9, 8, 10, 9], "texture": "#2_0"},
				"south": {"uv": [9, 8, 10, 9], "texture": "#2_0"},
				"west": {"uv": [9, 8, 10, 9], "texture": "#2_0"},
				"up": {"uv": [9, 8, 10, 9], "texture": "#2_0"},
				"down": {"uv": [9, 8, 10, 9], "texture": "#2_0"}
			}
		},
		{
			"from": [11, 7, 7.5],
			"to": [12, 8, 8.5],
			"faces": {
				"north": {"uv": [11, 8, 12, 9], "texture": "#2_0"},
				"east": {"uv": [11, 8, 12, 9], "texture": "#2_0"},
				"south": {"uv": [11, 8, 12, 9], "texture": "#2_0"},
				"west": {"uv": [11, 8, 12, 9], "texture": "#2_0"},
				"up": {"uv": [11, 8, 12, 9], "texture": "#2_0"},
				"down": {"uv": [11, 8, 12, 9], "texture": "#2_0"}
			}
		},
		{
			"from": [8, 6, 7.5],
			"to": [9, 7, 8.5],
			"faces": {
				"north": {"uv": [8, 9, 9, 10], "texture": "#2_0"},
				"east": {"uv": [8, 9, 9, 10], "texture": "#2_0"},
				"south": {"uv": [8, 9, 9, 10], "texture": "#2_0"},
				"west": {"uv": [8, 9, 9, 10], "texture": "#2_0"},
				"up": {"uv": [8, 9, 9, 10], "texture": "#2_0"},
				"down": {"uv": [8, 9, 9, 10], "texture": "#2_0"}
			}
		},
		{
			"from": [6, 6, 7.5],
			"to": [7, 7, 8.5],
			"faces": {
				"north": {"uv": [6, 9, 7, 10], "texture": "#2_0"},
				"east": {"uv": [6, 9, 7, 10], "texture": "#2_0"},
				"south": {"uv": [6, 9, 7, 10], "texture": "#2_0"},
				"west": {"uv": [6, 9, 7, 10], "texture": "#2_0"},
				"up": {"uv": [6, 9, 7, 10], "texture": "#2_0"},
				"down": {"uv": [6, 9, 7, 10], "texture": "#2_0"}
			}
		},
		{
			"from": [10, 8, 7.5],
			"to": [11, 9, 8.5],
			"faces": {
				"north": {"uv": [10, 7, 11, 8], "texture": "#2_0"},
				"east": {"uv": [10, 7, 11, 8], "texture": "#2_0"},
				"south": {"uv": [10, 7, 11, 8], "texture": "#2_0"},
				"west": {"uv": [10, 7, 11, 8], "texture": "#2_0"},
				"up": {"uv": [10, 7, 11, 8], "texture": "#2_0"},
				"down": {"uv": [10, 7, 11, 8], "texture": "#2_0"}
			}
		},
		{
			"from": [12, 7, 7.5],
			"to": [13, 8, 8.5],
			"faces": {
				"north": {"uv": [12, 8, 13, 9], "texture": "#2_0"},
				"east": {"uv": [12, 8, 13, 9], "texture": "#2_0"},
				"south": {"uv": [12, 8, 13, 9], "texture": "#2_0"},
				"west": {"uv": [12, 8, 13, 9], "texture": "#2_0"},
				"up": {"uv": [12, 8, 13, 9], "texture": "#2_0"},
				"down": {"uv": [12, 8, 13, 9], "texture": "#2_0"}
			}
		},
		{
			"from": [10, 6, 7.5],
			"to": [11, 7, 8.5],
			"faces": {
				"north": {"uv": [10, 9, 11, 10], "texture": "#2_0"},
				"east": {"uv": [10, 9, 11, 10], "texture": "#2_0"},
				"south": {"uv": [10, 9, 11, 10], "texture": "#2_0"},
				"west": {"uv": [10, 9, 11, 10], "texture": "#2_0"},
				"up": {"uv": [10, 9, 11, 10], "texture": "#2_0"},
				"down": {"uv": [10, 9, 11, 10], "texture": "#2_0"}
			}
		},
		{
			"from": [9, 6, 7.5],
			"to": [10, 7, 8.5],
			"faces": {
				"north": {"uv": [9, 9, 10, 10], "texture": "#2_0"},
				"east": {"uv": [9, 9, 10, 10], "texture": "#2_0"},
				"south": {"uv": [9, 9, 10, 10], "texture": "#2_0"},
				"west": {"uv": [9, 9, 10, 10], "texture": "#2_0"},
				"up": {"uv": [9, 9, 10, 10], "texture": "#2_0"},
				"down": {"uv": [9, 9, 10, 10], "texture": "#2_0"}
			}
		},
		{
			"from": [11, 6, 7.5],
			"to": [12, 7, 8.5],
			"faces": {
				"north": {"uv": [11, 9, 12, 10], "texture": "#2_0"},
				"east": {"uv": [11, 9, 12, 10], "texture": "#2_0"},
				"south": {"uv": [11, 9, 12, 10], "texture": "#2_0"},
				"west": {"uv": [11, 9, 12, 10], "texture": "#2_0"},
				"up": {"uv": [11, 9, 12, 10], "texture": "#2_0"},
				"down": {"uv": [11, 9, 12, 10], "texture": "#2_0"}
			}
		},
		{
			"from": [7, 5, 7.5],
			"to": [8, 6, 8.5],
			"faces": {
				"north": {"uv": [7, 10, 8, 11], "texture": "#2_0"},
				"east": {"uv": [7, 10, 8, 11], "texture": "#2_0"},
				"south": {"uv": [7, 10, 8, 11], "texture": "#2_0"},
				"west": {"uv": [7, 10, 8, 11], "texture": "#2_0"},
				"up": {"uv": [7, 10, 8, 11], "texture": "#2_0"},
				"down": {"uv": [7, 10, 8, 11], "texture": "#2_0"}
			}
		},
		{
			"from": [8, 5, 7.5],
			"to": [9, 6, 8.5],
			"faces": {
				"north": {"uv": [8, 10, 9, 11], "texture": "#2_0"},
				"east": {"uv": [8, 10, 9, 11], "texture": "#2_0"},
				"south": {"uv": [8, 10, 9, 11], "texture": "#2_0"},
				"west": {"uv": [8, 10, 9, 11], "texture": "#2_0"},
				"up": {"uv": [8, 10, 9, 11], "texture": "#2_0"},
				"down": {"uv": [8, 10, 9, 11], "texture": "#2_0"}
			}
		},
		{
			"from": [12, 6, 7.5],
			"to": [13, 7, 8.5],
			"faces": {
				"north": {"uv": [12, 9, 13, 10], "texture": "#2_0"},
				"east": {"uv": [12, 9, 13, 10], "texture": "#2_0"},
				"south": {"uv": [12, 9, 13, 10], "texture": "#2_0"},
				"west": {"uv": [12, 9, 13, 10], "texture": "#2_0"},
				"up": {"uv": [12, 9, 13, 10], "texture": "#2_0"},
				"down": {"uv": [12, 9, 13, 10], "texture": "#2_0"}
			}
		},
		{
			"from": [9, 4, 7.5],
			"to": [10, 5, 8.5],
			"faces": {
				"north": {"uv": [9, 11, 10, 12], "texture": "#2_0"},
				"east": {"uv": [9, 11, 10, 12], "texture": "#2_0"},
				"south": {"uv": [9, 11, 10, 12], "texture": "#2_0"},
				"west": {"uv": [9, 11, 10, 12], "texture": "#2_0"},
				"up": {"uv": [9, 11, 10, 12], "texture": "#2_0"},
				"down": {"uv": [9, 11, 10, 12], "texture": "#2_0"}
			}
		},
		{
			"from": [10, 4, 7.5],
			"to": [11, 5, 8.5],
			"faces": {
				"north": {"uv": [10, 11, 11, 12], "texture": "#2_0"},
				"east": {"uv": [10, 11, 11, 12], "texture": "#2_0"},
				"south": {"uv": [10, 11, 11, 12], "texture": "#2_0"},
				"west": {"uv": [10, 11, 11, 12], "texture": "#2_0"},
				"up": {"uv": [10, 11, 11, 12], "texture": "#2_0"},
				"down": {"uv": [10, 11, 11, 12], "texture": "#2_0"}
			}
		},
		{
			"from": [11, 4, 7.5],
			"to": [12, 5, 8.5],
			"faces": {
				"north": {"uv": [11, 11, 12, 12], "texture": "#2_0"},
				"east": {"uv": [11, 11, 12, 12], "texture": "#2_0"},
				"south": {"uv": [11, 11, 12, 12], "texture": "#2_0"},
				"west": {"uv": [11, 11, 12, 12], "texture": "#2_0"},
				"up": {"uv": [11, 11, 12, 12], "texture": "#2_0"},
				"down": {"uv": [11, 11, 12, 12], "texture": "#2_0"}
			}
		},
		{
			"from": [11, 3, 7.5],
			"to": [12, 4, 8.5],
			"faces": {
				"north": {"uv": [11, 12, 12, 13], "texture": "#2_0"},
				"east": {"uv": [11, 12, 12, 13], "texture": "#2_0"},
				"south": {"uv": [11, 12, 12, 13], "texture": "#2_0"},
				"west": {"uv": [11, 12, 12, 13], "texture": "#2_0"},
				"up": {"uv": [11, 12, 12, 13], "texture": "#2_0"},
				"down": {"uv": [11, 12, 12, 13], "texture": "#2_0"}
			}
		},
		{
			"from": [10, 3, 7.5],
			"to": [11, 4, 8.5],
			"faces": {
				"north": {"uv": [10, 12, 11, 13], "texture": "#2_0"},
				"east": {"uv": [10, 12, 11, 13], "texture": "#2_0"},
				"south": {"uv": [10, 12, 11, 13], "texture": "#2_0"},
				"west": {"uv": [10, 12, 11, 13], "texture": "#2_0"},
				"up": {"uv": [10, 12, 11, 13], "texture": "#2_0"},
				"down": {"uv": [10, 12, 11, 13], "texture": "#2_0"}
			}
		},
		{
			"from": [7, 7, 7.5],
			"to": [8, 8, 8.5],
			"faces": {
				"north": {"uv": [7, 8, 8, 9], "texture": "#2_0"},
				"east": {"uv": [7, 8, 8, 9], "texture": "#2_0"},
				"south": {"uv": [7, 8, 8, 9], "texture": "#2_0"},
				"west": {"uv": [7, 8, 8, 9], "texture": "#2_0"},
				"up": {"uv": [7, 8, 8, 9], "texture": "#2_0"},
				"down": {"uv": [7, 8, 8, 9], "texture": "#2_0"}
			}
		},
		{
			"from": [9, 5, 7.5],
			"to": [10, 6, 8.5],
			"faces": {
				"north": {"uv": [9, 10, 10, 11], "texture": "#2_0"},
				"east": {"uv": [9, 10, 10, 11], "texture": "#2_0"},
				"south": {"uv": [9, 10, 10, 11], "texture": "#2_0"},
				"west": {"uv": [9, 10, 10, 11], "texture": "#2_0"},
				"up": {"uv": [9, 10, 10, 11], "texture": "#2_0"},
				"down": {"uv": [9, 10, 10, 11], "texture": "#2_0"}
			}
		},
		{
			"from": [10, 5, 7.5],
			"to": [11, 6, 8.5],
			"faces": {
				"north": {"uv": [9, 10, 10, 11], "texture": "#2_0"},
				"east": {"uv": [9, 10, 10, 11], "texture": "#2_0"},
				"south": {"uv": [10, 10, 11, 11], "texture": "#2_0"},
				"west": {"uv": [9, 10, 10, 11], "texture": "#2_0"},
				"up": {"uv": [9, 10, 10, 11], "texture": "#2_0"},
				"down": {"uv": [9, 10, 10, 11], "texture": "#2_0"}
			}
		},
		{
			"from": [12, 5, 7.5],
			"to": [13, 6, 8.5],
			"faces": {
				"north": {"uv": [12, 10, 13, 11], "texture": "#2_0"},
				"east": {"uv": [12, 10, 13, 11], "texture": "#2_0"},
				"south": {"uv": [12, 10, 13, 11], "texture": "#2_0"},
				"west": {"uv": [12, 10, 13, 11], "texture": "#2_0"},
				"up": {"uv": [12, 10, 13, 11], "texture": "#2_0"},
				"down": {"uv": [12, 10, 13, 11], "texture": "#2_0"}
			}
		},
		{
			"from": [13, 5, 7.5],
			"to": [14, 6, 8.5],
			"faces": {
				"north": {"uv": [13, 10, 14, 11], "texture": "#2_0"},
				"east": {"uv": [13, 10, 14, 11], "texture": "#2_0"},
				"south": {"uv": [13, 10, 14, 11], "texture": "#2_0"},
				"west": {"uv": [13, 10, 14, 11], "texture": "#2_0"},
				"up": {"uv": [13, 10, 14, 11], "texture": "#2_0"},
				"down": {"uv": [13, 10, 14, 11], "texture": "#2_0"}
			}
		},
		{
			"from": [13, 6, 7.5],
			"to": [14, 7, 8.5],
			"faces": {
				"north": {"uv": [13, 9, 14, 10], "texture": "#2_0"},
				"east": {"uv": [13, 9, 14, 10], "texture": "#2_0"},
				"south": {"uv": [13, 9, 14, 10], "texture": "#2_0"},
				"west": {"uv": [13, 9, 14, 10], "texture": "#2_0"},
				"up": {"uv": [13, 9, 14, 10], "texture": "#2_0"},
				"down": {"uv": [13, 9, 14, 10], "texture": "#2_0"}
			}
		},
		{
			"from": [13, 7, 7.5],
			"to": [14, 8, 8.5],
			"faces": {
				"north": {"uv": [13, 8, 14, 9], "texture": "#2_0"},
				"east": {"uv": [13, 8, 14, 9], "texture": "#2_0"},
				"south": {"uv": [13, 8, 14, 9], "texture": "#2_0"},
				"west": {"uv": [13, 8, 14, 9], "texture": "#2_0"},
				"up": {"uv": [13, 8, 14, 9], "texture": "#2_0"},
				"down": {"uv": [13, 8, 14, 9], "texture": "#2_0"}
			}
		},
		{
			"from": [13, 8, 7.5],
			"to": [14, 9, 8.5],
			"faces": {
				"north": {"uv": [13, 8, 14, 9], "texture": "#2_0"},
				"east": {"uv": [13, 8, 14, 9], "texture": "#2_0"},
				"south": {"uv": [13, 7, 14, 8], "texture": "#2_0"},
				"west": {"uv": [13, 8, 14, 9], "texture": "#2_0"},
				"up": {"uv": [13, 8, 14, 9], "texture": "#2_0"},
				"down": {"uv": [13, 8, 14, 9], "texture": "#2_0"}
			}
		},
		{
			"from": [14, 8, 7.5],
			"to": [15, 9, 8.5],
			"faces": {
				"north": {"uv": [14, 7, 15, 8], "texture": "#2_0"},
				"east": {"uv": [14, 7, 15, 8], "texture": "#2_0"},
				"south": {"uv": [14, 7, 15, 8], "texture": "#2_0"},
				"west": {"uv": [14, 7, 15, 8], "texture": "#2_0"},
				"up": {"uv": [14, 7, 15, 8], "texture": "#2_0"},
				"down": {"uv": [14, 7, 15, 8], "texture": "#2_0"}
			}
		},
		{
			"from": [14, 9, 7.5],
			"to": [15, 10, 8.5],
			"faces": {
				"north": {"uv": [14, 6, 15, 7], "texture": "#2_0"},
				"east": {"uv": [14, 6, 15, 7], "texture": "#2_0"},
				"south": {"uv": [14, 6, 15, 7], "texture": "#2_0"},
				"west": {"uv": [14, 6, 15, 7], "texture": "#2_0"},
				"up": {"uv": [14, 6, 15, 7], "texture": "#2_0"},
				"down": {"uv": [14, 6, 15, 7], "texture": "#2_0"}
			}
		},
		{
			"from": [15, 9, 7.5],
			"to": [16, 10, 8.5],
			"faces": {
				"north": {"uv": [15, 6, 16, 7], "texture": "#2_0"},
				"east": {"uv": [15, 6, 16, 7], "texture": "#2_0"},
				"south": {"uv": [15, 6, 16, 7], "texture": "#2_0"},
				"west": {"uv": [15, 6, 16, 7], "texture": "#2_0"},
				"up": {"uv": [15, 6, 16, 7], "texture": "#2_0"},
				"down": {"uv": [15, 6, 16, 7], "texture": "#2_0"}
			}
		},
		{
			"from": [14, 10, 7.5],
			"to": [15, 11, 8.5],
			"faces": {
				"north": {"uv": [14, 5, 15, 6], "texture": "#2_0"},
				"east": {"uv": [14, 5, 15, 6], "texture": "#2_0"},
				"south": {"uv": [14, 5, 15, 6], "texture": "#2_0"},
				"west": {"uv": [14, 5, 15, 6], "texture": "#2_0"},
				"up": {"uv": [14, 5, 15, 6], "texture": "#2_0"},
				"down": {"uv": [14, 5, 15, 6], "texture": "#2_0"}
			}
		},
		{
			"from": [12, 8, 7.5],
			"to": [13, 9, 8.5],
			"faces": {
				"north": {"uv": [12, 7, 13, 8], "texture": "#2_0"},
				"east": {"uv": [12, 7, 13, 8], "texture": "#2_0"},
				"south": {"uv": [12, 7, 13, 8], "texture": "#2_0"},
				"west": {"uv": [12, 7, 13, 8], "texture": "#2_0"},
				"up": {"uv": [12, 7, 13, 8], "texture": "#2_0"},
				"down": {"uv": [12, 7, 13, 8], "texture": "#2_0"}
			}
		},
		{
			"from": [4, 7, 7.5],
			"to": [5, 8, 8.5],
			"faces": {
				"north": {"uv": [4, 8, 5, 9], "texture": "#2_0"},
				"east": {"uv": [4, 8, 5, 9], "texture": "#2_0"},
				"south": {"uv": [4, 8, 5, 9], "texture": "#2_0"},
				"west": {"uv": [4, 8, 5, 9], "texture": "#2_0"},
				"up": {"uv": [4, 8, 5, 9], "texture": "#2_0"},
				"down": {"uv": [4, 8, 5, 9], "texture": "#2_0"}
			}
		},
		{
			"from": [11, 5, 7.5],
			"to": [12, 6, 8.5],
			"faces": {
				"north": {"uv": [11, 10, 12, 11], "texture": "#2_0"},
				"east": {"uv": [11, 10, 12, 11], "texture": "#2_0"},
				"south": {"uv": [11, 10, 12, 11], "texture": "#2_0"},
				"west": {"uv": [11, 10, 12, 11], "texture": "#2_0"},
				"up": {"uv": [11, 10, 12, 11], "texture": "#2_0"},
				"down": {"uv": [11, 10, 12, 11], "texture": "#2_0"}
			}
		}
	],
	"gui_light": "front",
	"overrides": [
		{
			"predicate": {
				"custom_model_data": 10
			},
			"model": "item/soulforged_steel"
		}
	],
	"display": {
		"thirdperson_righthand": {
			"translation": [0, 3, 1],
			"scale": [0.55, 0.55, 0.55]
		},
		"thirdperson_lefthand": {
			"translation": [0, 3, 1],
			"scale": [0.55, 0.55, 0.55]
		},
		"firstperson_righthand": {
			"rotation": [0, -90, 25],
			"translation": [1.13, 3.2, 1.13],
			"scale": [0.68, 0.68, 0.68]
		},
		"firstperson_lefthand": {
			"rotation": [0, -90, 25],
			"translation": [1.13, 3.2, 1.13],
			"scale": [0.68, 0.68, 0.68]
		},
		"ground": {
			"translation": [0, 2, 0],
			"scale": [0.5, 0.5, 0.5]
		},
		"head": {
			"rotation": [0, 180, 0],
			"translation": [0, 13, 7]
		},
		"fixed": {
			"rotation": [0, 180, 0]
		}
	},
	"groups": [
		{
			"name": "netherite_ingot",
			"origin": [8, 8, 8],
			"color": 0,
			"children": []
		},
		{
			"name": "rare_enchanted_book",
			"origin": [8, 8, 8],
			"color": 0,
			"children": [
				{
					"name": "white_fur",
					"origin": [8, 8, 8],
					"color": 0,
					"children": [
						{
							"name": "fur",
							"origin": [8, 8, 8],
							"color": 0,
							"children": [
								{
									"name": "decoction",
									"origin": [8, 8, 8],
									"color": 0,
									"children": [
										{
											"name": "gel",
											"origin": [8, 8, 8],
											"color": 0,
											"children": [
												{
													"name": "group",
													"origin": [8, 8, 8],
													"color": 0,
													"children": [0, 1, 2, 3, 4, 5, 6, 7, 8, 9, 10, 11, 12, 13, 14, 15, 16, 17, 18, 19, 20, 21, 22, 23, 24, 25, 26, 27, 28, 29, 30, 31, 32, 33, 34, 35, 36, 37, 38, 39, 40, 41, 42, 43, 44, 45, 46, 47, 48, 49, 50, 51, 52, 53, 54, 55, 56, 57, 58, 59, 60, 61, 62, 63, 64, 65, 66, 67, 68, 69, 70, 71, 72, 73, 74, 75, 76, 77, 78, 79, 80, 81, 82, 83, 84, 85, 86, 87, 88, 89, 90, 91, 92, 93, 94, 95, 96, 97, 98, 99, 100, 101, 102, 103, 104, 105, 106, 107, 108, 109, 110, 111, 112, 113, 114, 115, 116, 117, 118, 119, 120, 121, 122, 123, 124, 125, 126, 127, 128, 129, 130, 131, 132, 133, 134, 135, 136, 137, 138, 139, 140, 141, 142, 143, 144, 145, 146, 147, 148, 149, 150, 151]
												}
											]
										}
									]
								}
							]
						}
					]
				}
			]
		}
	]
}