{
 "parent": "item/handheld",
 "textures": {
  "layer0": "item/netherite_sword"
 },

 "overrides": [
  { "predicate": {"custom_model_data": 7777}, "model": "item/netherite_adorned"},
  { "predicate": {"custom_model_data": 77712}, "model": "item/netherite_reinforced"},
  { "predicate": {"custom_model_data": 77715}, "model": "item/netherite_creamy"},
  { "predicate": {"custom_model_data": 77731}, "model": "item/netherite_poisoned"},
  { "predicate": {"custom_model_data": 77733}, "model": "item/netherite_glowing"},
  { "predicate": {"custom_model_data": 77741}, "model": "item/netherite_withering"}

 ]

 
}