{
	"credit": "Made with Blockbench",
	"textures": {
		"5": "item/obsidian_hammer",
		"particle": "item/obsidian_hammer"
	},
	"elements": [
		{
			"from": [7, 0, 7],
			"to": [9, 16, 9],
			"faces": {
				"north": {"uv": [0, 0, 2, 16], "texture": "#5"},
				"east": {"uv": [0, 0, 2, 16], "texture": "#5"},
				"south": {"uv": [0, 0, 2, 16], "texture": "#5"},
				"west": {"uv": [0, 0, 2, 16], "texture": "#5"},
				"up": {"uv": [0, 0, 2, 2], "texture": "#5"},
				"down": {"uv": [0, 0, 2, 2], "texture": "#5"}
			}
		},
		{
			"from": [3, 11, 6],
			"to": [13, 15, 10],
			"faces": {
				"north": {"uv": [2, 0, 12, 4], "texture": "#5"},
				"east": {"uv": [12, 0, 16, 4], "texture": "#5"},
				"south": {"uv": [2, 0, 12, 4], "texture": "#5"},
				"west": {"uv": [12, 0, 16, 4], "texture": "#5"},
				"up": {"uv": [2, 0, 12, 4], "texture": "#5"},
				"down": {"uv": [2, 0, 12, 4], "texture": "#5"}
			}
		}
	],
	"gui_light": "front",
	"display": {
		"thirdperson_righthand": {
			"rotation": [0, -90, 0],
			"translation": [0, 3, 1.25]
		},
		"thirdperson_lefthand": {
			"rotation": [0, -90, 0],
			"translation": [0, 3, 1.25]
		},
		"firstperson_righthand": {
			"rotation": [0, -90, 25],
			"translation": [1.13, 3.2, 1.13],
			"scale": [0.68, 0.68, 0.68]
		},
		"firstperson_lefthand": {
			"rotation": [0, 90, -25],
			"translation": [1.13, 3.2, 1.13],
			"scale": [0.68, 0.68, 0.68]
		},
		"ground": {
			"rotation": [-180, 0, 0],
			"translation": [0, 5, 0],
			"scale": [0.5, 0.5, 0.5]
		},
		"gui": {
			"rotation": [30, 0, -30],
			"translation": [-1.25, -0.75, 0]
		},
		"fixed": {
			"rotation": [0, 0, 45],
			"translation": [0.5, -0.5, 0],
			"scale": [0.75, 0.75, 0.75]
		}
	},
	"groups": [
		{
			"name": "handle",
			"origin": [8, 8, 8],
			"color": 0,
			"children": [0]
		},
		{
			"name": "head",
			"origin": [8, 8, 8],
			"color": 0,
			"children": [1]
		}
	]
}