{
 "parent": "item/handheld",
 "textures": {
  "layer0": "item/stone_sword"
 },

 "overrides": [
  { "predicate": {"custom_model_data": 77722}, "model": "item/lance"},
  { "predicate": {"custom_model_data": 77790}, "model": "item/copper_shortsword"},
  { "predicate": {"custom_model_data": 77792}, "model": "item/exposed_copper_shortsword"},
  { "predicate": {"custom_model_data": 77793}, "model": "item/weathered_copper_shortsword"},
  { "predicate": {"custom_model_data": 77794}, "model": "item/oxidized_copper_shortsword"}

 ]

 
}