{
	"credit": "Made with Blockbench",
	"textures": {
		"0": "item/musket",
		"particle": "item/musket"
	},
	"elements": [
		{
			"from": [5, 0, 7],
			"to": [21, 2, 9],
			"faces": {
				"north": {"uv": [0, 0, 16, 2], "texture": "#0"},
				"east": {"uv": [0, 6, 2, 8], "texture": "#0"},
				"south": {"uv": [0, 2, 16, 0], "rotation": 180, "texture": "#0"},
				"west": {"uv": [0, 6, 2, 8], "texture": "#0"},
				"up": {"uv": [0, 4, 16, 6], "rotation": 180, "texture": "#0"},
				"down": {"uv": [0, 2, 16, 4], "rotation": 180, "texture": "#0"}
			}
		},
		{
			"from": [1, 1.5, 7.5],
			"to": [12, 2.5, 8.5],
			"faces": {
				"north": {"uv": [0, 15, 11, 16], "texture": "#0"},
				"east": {"uv": [0, 15, 1, 16], "texture": "#0"},
				"south": {"uv": [0, 15, 11, 16], "rotation": 180, "texture": "#0"},
				"west": {"uv": [10, 15, 11, 16], "texture": "#0"},
				"up": {"uv": [0, 15, 11, 16], "rotation": 180, "texture": "#0"},
				"down": {"uv": [0, 15, 11, 16], "rotation": 180, "texture": "#0"}
			}
		},
		{
			"from": [12, 1.5, 7.5],
			"to": [23, 2.5, 8.5],
			"faces": {
				"north": {"uv": [0, 15, 11, 16], "texture": "#0"},
				"east": {"uv": [11, 15, 12, 16], "texture": "#0"},
				"south": {"uv": [0, 15, 11, 16], "rotation": 180, "texture": "#0"},
				"west": {"uv": [10, 15, 11, 16], "texture": "#0"},
				"up": {"uv": [0, 15, 11, 16], "rotation": 180, "texture": "#0"},
				"down": {"uv": [0, 15, 11, 16], "rotation": 180, "texture": "#0"}
			}
		},
		{
			"from": [0, 0, 7],
			"to": [5, 2, 9],
			"faces": {
				"north": {"uv": [2, 6, 7, 8], "texture": "#0"},
				"east": {"uv": [0, 6, 2, 8], "texture": "#0"},
				"south": {"uv": [7, 6, 2, 8], "texture": "#0"},
				"west": {"uv": [0, 6, 2, 8], "texture": "#0"},
				"up": {"uv": [6, 12, 11, 14], "texture": "#0"},
				"down": {"uv": [0, 8, 5, 10], "texture": "#0"}
			}
		},
		{
			"from": [-1.5, -2, 8],
			"to": [3.5, 0, 8],
			"rotation": {"angle": 0, "axis": "z", "origin": [2.5, 0, 0]},
			"faces": {
				"north": {"uv": [6, 10, 11, 12], "texture": "#0"},
				"east": {"uv": [0, 0, 2, 2], "texture": "#missing"},
				"south": {"uv": [11, 10, 6, 12], "texture": "#0"},
				"west": {"uv": [0, 0, 2, 2], "texture": "#missing"},
				"up": {"uv": [8, 0, 13, 2], "texture": "#0"},
				"down": {"uv": [0, 8, 5, 10], "texture": "#0"}
			}
		},
		{
			"from": [0.5, 2, 8.975],
			"to": [3.5, 4, 8.975],
			"rotation": {"angle": 0, "axis": "z", "origin": [2.5, 2, 9]},
			"faces": {
				"north": {"uv": [16, 8, 13, 10], "texture": "#0"},
				"east": {"uv": [0, 0, 2, 2], "texture": "#missing"},
				"south": {"uv": [13, 8, 16, 10], "texture": "#0"},
				"west": {"uv": [0, 0, 2, 2], "texture": "#missing"},
				"up": {"uv": [8, 0, 13, 2], "texture": "#0"},
				"down": {"uv": [0, 8, 5, 10], "texture": "#0"}
			}
		},
		{
			"from": [-8, -1, 7],
			"to": [-2, 2, 9],
			"faces": {
				"north": {"uv": [6, 10, 0, 13], "texture": "#0"},
				"east": {"uv": [4, 10, 6, 13], "texture": "#0"},
				"south": {"uv": [0, 10, 6, 13], "texture": "#0"},
				"west": {"uv": [0, 10, 2, 13], "texture": "#0"},
				"up": {"uv": [6, 8, 12, 10], "texture": "#0"},
				"down": {"uv": [0, 13, 6, 15], "texture": "#0"}
			}
		},
		{
			"from": [-3, 0, 7.025],
			"to": [0, 2, 8.975],
			"rotation": {"angle": 22.5, "axis": "z", "origin": [0, 2, 8]},
			"faces": {
				"north": {"uv": [12, 6, 15, 8], "texture": "#0"},
				"east": {"uv": [12, 6, 15, 8], "texture": "#0"},
				"south": {"uv": [12, 6, 15, 8], "texture": "#0"},
				"west": {"uv": [12, 6, 15, 8], "texture": "#0"},
				"up": {"uv": [12, 6, 15, 8], "texture": "#0"},
				"down": {"uv": [12, 6, 15, 8], "texture": "#0"}
			}
		}
	],
	"gui_light": "front",
	"display": {
		"thirdperson_righthand": {
			"rotation": [75, 90, 0],
			"translation": [0, 7.25, 7.25]
		},
		"thirdperson_lefthand": {
			"rotation": [75, -90, 0],
			"translation": [0, 7.25, 7.25]
		},
		"firstperson_righthand": {
			"rotation": [0, 91, 0],
			"translation": [0, 8.5, -2]
		},
		"firstperson_lefthand": {
			"rotation": [0, -90, 0],
			"translation": [0, 8.5, -2]
		},
		"ground": {
			"translation": [0, 6, 0],
			"scale": [0.5, 0.5, 0.5]
		},
		"gui": {
			"rotation": [160, 45, -135],
			"translation": [2.25, 5, 0],
			"scale": [0.8, 0.8, 0.8]
		},
		"fixed": {
			"rotation": [0, 0, 45],
			"translation": [-2.5, 3.5, 0],
			"scale": [0.65, 0.65, 0.65]
		}
	}
}